CompanyID,Vertical,LastUpdated
159062-05,TMT,01/12/2022
63064-63,TMT,01/12/2022
227313-28,Manufacturing,01/12/2022
58421-98,TMT,01/12/2022
51699-25,Manufacturing,01/12/2022
65249-74,TMT,01/12/2022
164065-96,HealthTech,01/12/2022
437171-05,Artificial Intelligence & Machine Learning,01/12/2022
98155-27,Mobile,01/12/2022
107634-25,Nanotechnology,01/12/2022
152089-48,Mobile,01/12/2022
223414-39,Marketing Tech,01/12/2022
436084-48,Gaming,01/12/2022
160953-85,SaaS,01/12/2022
152767-81,Mobile,01/12/2022
111018-79,TMT,01/12/2022
179372-71,Construction Technology,01/12/2022
266739-13,LOHAS & Wellness,01/12/2022
149519-89,Oncology,01/12/2022
265401-10,CloudTech & DevOps,01/12/2022
115028-74,CleanTech,01/12/2022
442406-26,LOHAS & Wellness,01/12/2022
228735-46,AgTech,01/12/2022
155048-68,SaaS,01/12/2022
55101-25,AdTech,01/12/2022
51006-43,CloudTech & DevOps,01/12/2022
157903-93,TMT,01/12/2022
462935-80,InsurTech,01/12/2022
166325-05,TMT,01/12/2022
126174-79,Marketing Tech,01/12/2022
85356-91,Mobile,01/12/2022
60349-96,Real Estate Technology,01/12/2022
121662-19,Artificial Intelligence & Machine Learning,01/12/2022
455010-13,FinTech,01/12/2022
163903-69,HealthTech,01/12/2022
454596-04,FinTech,01/12/2022
63691-48,Industrials,01/12/2022
234178-30,SaaS,01/12/2022
102682-90,LOHAS & Wellness,01/12/2022
438050-89,FinTech,01/12/2022
91796-05,AudioTech,01/12/2022
161459-83,Mobile,01/12/2022
439201-36,TMT,01/12/2022
432867-07,Mobility Tech,01/12/2022
126138-16,TMT,01/12/2022
231830-56,Artificial Intelligence & Machine Learning,01/12/2022
458650-36,Cryptocurrency/Blockchain,01/12/2022
55871-56,CloudTech & DevOps,01/12/2022
171581-59,FemTech,01/12/2022
64520-11,TMT,01/12/2022
181212-22,TMT,01/12/2022
438576-58,Mobility Tech,01/12/2022
108813-79,SaaS,01/12/2022
230771-08,FemTech,01/12/2022
229973-59,FinTech,01/12/2022
95825-53,SaaS,01/12/2022
51699-25,Mobility Tech,01/12/2022
56779-12,TMT,01/12/2022
222959-98,FinTech,01/12/2022
54662-50,Digital Health,01/12/2022
233769-97,Life Sciences,01/12/2022
160959-52,Artificial Intelligence & Machine Learning,01/12/2022
265549-78,HealthTech,01/12/2022
434177-38,Real Estate Technology,01/12/2022
223375-60,Virtual Reality,01/12/2022
54211-87,TMT,01/12/2022
97913-89,Cybersecurity,01/12/2022
91435-06,SaaS,01/12/2022
56329-93,Mobile,01/12/2022
187517-26,Internet of Things,01/12/2022
439391-53,Life Sciences,01/12/2022
228311-20,Mobile,01/12/2022
54678-07,TMT,01/12/2022
222970-51,Cybersecurity,01/12/2022
266011-48,FinTech,01/12/2022
179372-71,Industrials,01/12/2022
267409-54,Space Technology,01/12/2022
108107-02,Mobility Tech,01/12/2022
161630-11,TMT,01/12/2022
110441-08,Life Sciences,01/12/2022
127752-49,Life Sciences,01/12/2022
103949-02,TMT,01/12/2022
343396-54,Cannabis,01/12/2022
173307-70,HealthTech,01/12/2022
49063-96,TMT,01/12/2022
110207-35,TMT,01/12/2022
435020-86,Climate Tech,01/12/2022
265303-00,Cannabis,01/12/2022
111018-79,FinTech,01/12/2022
60633-19,E-Commerce,01/12/2022
81947-17,Robotics and Drones,01/12/2022
56779-12,Beauty,01/12/2022
118655-29,Virtual Reality,01/12/2022
171855-82,E-Commerce,01/12/2022
155402-02,SaaS,01/12/2022
62899-03,TMT,01/12/2022
93771-28,Mobile,01/12/2022
268023-61,LOHAS & Wellness,01/12/2022
61657-93,Mobile,01/12/2022
90347-95,B2B Payments,01/12/2022
119000-71,Industrials,01/12/2022
168756-85,Life Sciences,01/12/2022
85463-11,Mobility Tech,01/12/2022
51224-41,CleanTech,01/12/2022
437537-62,Supply Chain Tech,01/12/2022
51699-25,Supply Chain Tech,01/12/2022
231721-66,Supply Chain Tech,01/12/2022
158482-45,Real Estate Technology,01/12/2022
122869-99,TMT,01/12/2022
277450-84,SaaS,01/12/2022
266320-45,Artificial Intelligence & Machine Learning,01/12/2022
226323-82,TMT,01/12/2022
120374-29,Mobility Tech,01/12/2022
61657-93,TMT,01/12/2022
155818-45,Artificial Intelligence & Machine Learning,01/12/2022
95733-46,TMT,01/12/2022
51586-57,TMT,01/12/2022
57940-66,FoodTech,01/12/2022
54678-07,AudioTech,01/12/2022
279711-46,CleanTech,01/12/2022
61617-16,HealthTech,01/12/2022
181594-09,CleanTech,01/12/2022
160270-66,Mobile,01/12/2022
462086-65,Artificial Intelligence & Machine Learning,01/12/2022
466624-72,CleanTech,01/12/2022
437171-05,Big Data,01/12/2022
62090-74,Artificial Intelligence & Machine Learning,01/12/2022
107666-29,Cryptocurrency/Blockchain,01/12/2022
51330-88,HealthTech,01/12/2022
51006-43,SaaS,01/12/2022
264572-56,Mobile,01/12/2022
432867-07,Supply Chain Tech,01/12/2022
232135-12,TMT,01/12/2022
53845-66,Industrials,01/12/2022
118626-40,FoodTech,01/12/2022
167488-48,Big Data,01/12/2022
186751-81,Nanotechnology,01/12/2022
465513-13,Life Sciences,01/12/2022
156385-90,Big Data,01/12/2022
107239-87,FinTech,01/12/2022
56486-35,Life Sciences,01/12/2022
434177-38,TMT,01/12/2022
163373-77,TMT,01/12/2022
58493-26,TMT,01/12/2022
53903-17,Marketing Tech,01/12/2022
224569-18,FoodTech,01/12/2022
233512-84,Augmented Reality,01/12/2022
124143-31,Internet of Things,01/12/2022
92781-19,Climate Tech,01/12/2022
52836-76,SaaS,01/12/2022
442968-58,TMT,01/12/2022
228246-58,E-Commerce,01/12/2022
126271-54,FinTech,01/12/2022
155857-06,Digital Health,01/12/2022
462596-41,E-Commerce,01/12/2022
181726-21,Artificial Intelligence & Machine Learning,01/12/2022
185820-58,Artificial Intelligence & Machine Learning,01/12/2022
222259-96,TMT,01/12/2022
99130-60,Mobile,01/12/2022
178460-74,Real Estate Technology,01/12/2022
104003-65,Internet of Things,01/12/2022
51586-57,CloudTech & DevOps,01/12/2022
57124-90,Cybersecurity,01/12/2022
128317-24,Artificial Intelligence & Machine Learning,01/12/2022
181890-10,Artificial Intelligence & Machine Learning,01/12/2022
483322-42,HealthTech,01/12/2022
466593-49,Legal Tech,01/12/2022
343396-54,FoodTech,01/12/2022
233543-98,TMT,01/12/2022
266190-58,Manufacturing,01/12/2022
135359-92,TMT,01/12/2022
223709-23,TMT,01/12/2022
481279-78,HealthTech,01/12/2022
462635-47,Industrials,01/12/2022
399185-20,EdTech,01/12/2022
111337-48,TMT,01/12/2022
159065-02,Artificial Intelligence & Machine Learning,01/12/2022
436601-80,Cybersecurity,01/12/2022
223908-04,Restaurant Technology,01/12/2022
98155-27,TMT,01/12/2022
58997-44,Industrials,01/12/2022
85438-00,SaaS,01/12/2022
62090-74,Marketing Tech,01/12/2022
266128-12,Cryptocurrency/Blockchain,01/12/2022
181260-73,Mobile,01/12/2022
160959-52,Big Data,01/12/2022
484728-40,CloudTech & DevOps,01/12/2022
228697-48,HealthTech,01/12/2022
108952-48,TMT,01/12/2022
57039-76,Digital Health,01/12/2022
469529-83,Artificial Intelligence & Machine Learning,01/12/2022
228115-00,TMT,01/12/2022
186570-91,TMT,01/12/2022
154278-46,LOHAS & Wellness,01/12/2022
226920-07,TMT,01/12/2022
459804-07,Mobile,01/12/2022
103962-25,HR Tech,01/12/2022
264938-14,Mobile Commerce,01/12/2022
168723-10,Robotics and Drones,01/12/2022
229877-47,Artificial Intelligence & Machine Learning,01/12/2022
52258-60,FinTech,01/12/2022
54473-86,Supply Chain Tech,01/12/2022
458396-29,Artificial Intelligence & Machine Learning,01/12/2022
56460-16,SaaS,01/12/2022
278912-98,HealthTech,01/12/2022
454570-93,eSports,01/12/2022
89562-79,TMT,01/12/2022
60290-02,TMT,01/12/2022
53575-12,Cybersecurity,01/12/2022
332221-78,SaaS,01/12/2022
435845-71,Mobile,01/12/2022
149379-94,TMT,01/12/2022
459919-27,HR Tech,01/12/2022
58493-26,Supply Chain Tech,01/12/2022
438612-94,Oncology,01/12/2022
94853-17,CleanTech,01/12/2022
55767-16,Artificial Intelligence & Machine Learning,01/12/2022
469366-39,SaaS,01/12/2022
107634-25,Manufacturing,01/12/2022
223908-04,TMT,01/12/2022
156385-90,Artificial Intelligence & Machine Learning,01/12/2022
228802-87,SaaS,01/12/2022
459390-34,Marketing Tech,01/12/2022
81943-03,SaaS,01/12/2022
60515-65,TMT,01/12/2022
431721-01,TMT,01/12/2022
187637-32,Manufacturing,01/12/2022
267409-54,Mobility Tech,01/12/2022
267594-94,Life Sciences,01/12/2022
149316-31,TMT,01/12/2022
433654-21,HealthTech,01/12/2022
230951-80,TMT,01/12/2022
264572-56,SaaS,01/12/2022
169816-78,TMT,01/12/2022
118192-15,Robotics and Drones,01/12/2022
185820-58,Big Data,01/12/2022
464166-46,HealthTech,01/12/2022
266431-15,AgTech,01/12/2022
266190-58,E-Commerce,01/12/2022
231721-66,Autonomous cars,01/12/2022
48540-97,TMT,01/12/2022
61657-93,E-Commerce,01/12/2022
222161-32,Artificial Intelligence & Machine Learning,01/12/2022
161973-19,Mobile,01/12/2022
228973-87,Artificial Intelligence & Machine Learning,01/12/2022
52833-61,E-Commerce,01/12/2022
437171-05,FinTech,01/12/2022
118655-29,TMT,01/12/2022
437537-62,Cannabis,01/12/2022
436646-44,FinTech,01/12/2022
160959-52,TMT,01/12/2022
152767-81,FinTech,01/12/2022
57474-01,TMT,01/12/2022
221799-16,Oncology,01/12/2022
156879-10,Digital Health,01/12/2022
455001-58,Life Sciences,01/12/2022
436787-11,LOHAS & Wellness,01/12/2022
168857-56,TMT,01/12/2022
55448-29,LOHAS & Wellness,01/12/2022
171581-59,TMT,01/12/2022
454617-64,Manufacturing,01/12/2022
89565-67,Mobile,01/12/2022
171505-63,SaaS,01/12/2022
228802-87,Artificial Intelligence & Machine Learning,01/12/2022
181953-10,TMT,01/12/2022
171669-43,Advanced Manufacturing,01/12/2022
231123-07,Big Data,01/12/2022
458396-29,SaaS,01/12/2022
467045-02,LOHAS & Wellness,01/12/2022
432832-87,Artificial Intelligence & Machine Learning,01/12/2022
57081-79,TMT,01/12/2022
185987-80,FinTech,01/12/2022
265277-08,E-Commerce,01/12/2022
55605-88,Mobile,01/12/2022
230771-08,TMT,01/12/2022
181260-73,FinTech,01/12/2022
436098-07,Beauty,01/12/2022
135437-32,Life Sciences,01/12/2022
59974-75,Big Data,01/12/2022
223869-34,E-Commerce,01/12/2022
186073-66,TMT,01/12/2022
437537-62,AgTech,01/12/2022
232143-94,Autonomous cars,01/12/2022
109793-26,Augmented Reality,01/12/2022
57523-60,Artificial Intelligence & Machine Learning,01/12/2022
224486-20,CleanTech,01/12/2022
226339-66,SaaS,01/12/2022
83836-45,Mobile,01/12/2022
121155-67,TMT,01/12/2022
163715-68,TMT,01/12/2022
229215-43,SaaS,01/12/2022
462065-23,Cryptocurrency/Blockchain,01/12/2022
98378-65,CleanTech,01/12/2022
54662-50,HealthTech,01/12/2022
231721-66,Industrials,01/12/2022
55882-36,SaaS,01/12/2022
483159-88,FinTech,01/12/2022
231830-56,InsurTech,01/12/2022
277343-74,Artificial Intelligence & Machine Learning,01/12/2022
58421-98,Virtual Reality,01/12/2022
482124-34,TMT,01/12/2022
107518-60,HealthTech,01/12/2022
57039-76,HealthTech,01/12/2022
231830-56,Cybersecurity,01/12/2022
98155-00,SaaS,01/12/2022
229877-47,E-Commerce,01/12/2022
65769-22,SaaS,01/12/2022
464310-37,Life Sciences,01/12/2022
84274-93,Robotics and Drones,01/12/2022
265026-52,Artificial Intelligence & Machine Learning,01/12/2022
462925-72,Big Data,01/12/2022
435020-86,CleanTech,01/12/2022
63994-60,Mobile,01/12/2022
465522-49,InsurTech,01/12/2022
482217-58,FoodTech,01/12/2022
150350-77,TMT,01/12/2022
157321-36,TMT,01/12/2022
169164-73,E-Commerce,01/12/2022
470543-05,Artificial Intelligence & Machine Learning,01/12/2022
431579-17,TMT,01/12/2022
469946-26,FinTech,01/12/2022
97592-41,SaaS,01/12/2022
62185-24,SaaS,01/12/2022
121699-99,Cybersecurity,01/12/2022
52836-76,TMT,01/12/2022
187517-26,Big Data,01/12/2022
460072-45,Artificial Intelligence & Machine Learning,01/12/2022
127752-49,TMT,01/12/2022
228973-87,SaaS,01/12/2022
489269-53,Cryptocurrency/Blockchain,01/12/2022
172089-55,TMT,01/12/2022
51699-25,CleanTech,01/12/2022
277723-36,HealthTech,01/12/2022
65007-55,TMT,01/12/2022
101984-86,Virtual Reality,01/12/2022
65007-55,Marketing Tech,01/12/2022
469529-83,SaaS,01/12/2022
163154-17,Artificial Intelligence & Machine Learning,01/12/2022
112999-51,Life Sciences,01/12/2022
107929-72,TMT,01/12/2022
99130-60,TMT,01/12/2022
268293-97,EdTech,01/12/2022
83836-45,TMT,01/12/2022
161973-19,E-Commerce,01/12/2022
89565-67,TMT,01/12/2022
435408-49,CloudTech & DevOps,01/12/2022
228335-50,TMT,01/12/2022
185987-80,TMT,01/12/2022
228016-45,Artificial Intelligence & Machine Learning,01/12/2022
103159-27,Marketing Tech,01/12/2022
150350-77,Marketing Tech,01/12/2022
119766-97,Mobile,01/12/2022
63351-28,Mobile,01/12/2022
180919-99,Industrials,01/12/2022
132602-05,Mobile,01/12/2022
161539-12,Mobile,01/12/2022
113946-40,TMT,01/12/2022
159062-05,Artificial Intelligence & Machine Learning,01/12/2022
53317-00,TMT,01/12/2022
267218-02,Cybersecurity,01/12/2022
438824-98,Artificial Intelligence & Machine Learning,01/12/2022
90279-64,Life Sciences,01/12/2022
343205-47,Oncology,01/12/2022
172089-55,Big Data,01/12/2022
314489-53,Life Sciences,01/12/2022
113144-59,FoodTech,01/12/2022
227118-88,Oncology,01/12/2022
64128-97,TMT,01/12/2022
148754-80,Mobile,01/12/2022
51712-75,Mobile,01/12/2022
118139-32,TMT,01/12/2022
268822-18,Life Sciences,01/12/2022
315237-07,Oil & Gas,01/12/2022
227118-88,Life Sciences,01/12/2022
166675-96,Supply Chain Tech,01/12/2022
469273-96,CloudTech & DevOps,01/12/2022
166325-05,Cybersecurity,01/12/2022
229259-62,Life Sciences,01/12/2022
435715-12,CleanTech,01/12/2022
61657-93,LOHAS & Wellness,01/12/2022
228016-45,Big Data,01/12/2022
178486-21,Mobile,01/12/2022
119288-62,CleanTech,01/12/2022
459733-87,Beauty,01/12/2022
66281-41,Manufacturing,01/12/2022
228285-73,SaaS,01/12/2022
102505-60,Marketing Tech,01/12/2022
161459-83,SaaS,01/12/2022
65898-10,Mobile,01/12/2022
85463-11,Ridesharing,01/12/2022
462635-47,Artificial Intelligence & Machine Learning,01/12/2022
51586-57,SaaS,01/12/2022
166438-45,FoodTech,01/12/2022
279752-95,FinTech,01/12/2022
172089-55,SaaS,01/12/2022
224326-90,SaaS,01/12/2022
128317-24,Big Data,01/12/2022
292160-26,Supply Chain Tech,01/12/2022
343205-47,Life Sciences,01/12/2022
54782-47,TMT,01/12/2022
267218-02,SaaS,01/12/2022
56303-65,Life Sciences,01/12/2022
231123-07,Mobility Tech,01/12/2022
463633-03,HR Tech,01/12/2022
115015-42,FinTech,01/12/2022
56099-98,TMT,01/12/2022
226588-15,Big Data,01/12/2022
228285-73,CloudTech & DevOps,01/12/2022
384714-19,FinTech,01/12/2022
463291-93,Mobile,01/12/2022
436497-58,TMT,01/12/2022
442698-76,FinTech,01/12/2022
231721-66,Robotics and Drones,01/12/2022
100838-08,Marketing Tech,01/12/2022
222292-00,FinTech,01/12/2022
267781-33,Cybersecurity,01/12/2022
171888-13,HR Tech,01/12/2022
222827-50,TMT,01/12/2022
466624-72,LOHAS & Wellness,01/12/2022
160960-33,TMT,01/12/2022
163302-04,Marketing Tech,01/12/2022
231721-66,Artificial Intelligence & Machine Learning,01/12/2022
113358-16,TMT,01/12/2022
103931-92,TMT,01/12/2022
54871-39,TMT,01/12/2022
56460-16,TMT,01/12/2022
98409-34,Life Sciences,01/12/2022
101900-08,TMT,01/12/2022
87987-97,Life Sciences,01/12/2022
469529-83,E-Commerce,01/12/2022
114106-42,LOHAS & Wellness,01/12/2022
166980-88,Mobile,01/12/2022
151470-37,SaaS,01/12/2022
221670-91,Big Data,01/12/2022
465979-33,SaaS,01/12/2022
438050-89,SaaS,01/12/2022
178460-74,Big Data,01/12/2022
226919-53,Life Sciences,01/12/2022
303589-90,Life Sciences,01/12/2022
465832-99,Life Sciences,01/12/2022
56099-98,Supply Chain Tech,01/12/2022
51712-75,HealthTech,01/12/2022
81947-17,TMT,01/12/2022
229812-76,HealthTech,01/12/2022
467794-81,Gaming,01/12/2022
169067-89,FinTech,01/12/2022
267327-10,TMT,01/12/2022
112027-33,Pet Technology,01/12/2022
121155-67,Wearables & Quantified Self,01/12/2022
54211-87,Artificial Intelligence & Machine Learning,01/12/2022
267695-47,Life Sciences,01/12/2022
62878-78,TMT,01/12/2022
126174-79,Mobile,01/12/2022
467834-86,Cannabis,01/12/2022
178355-08,Micro-Mobility,01/12/2022
226323-82,Cryptocurrency/Blockchain,01/12/2022
482435-29,Mobile,01/12/2022
52662-25,EdTech,01/12/2022
155857-06,Artificial Intelligence & Machine Learning,01/12/2022
228820-87,Artificial Intelligence & Machine Learning,01/12/2022
303535-27,Cybersecurity,01/12/2022
435300-13,Cryptocurrency/Blockchain,01/12/2022
233877-07,TMT,01/12/2022
185820-58,Marketing Tech,01/12/2022
95825-53,TMT,01/12/2022
107666-29,FinTech,01/12/2022
232135-12,Big Data,01/12/2022
228903-49,SaaS,01/12/2022
56303-65,CleanTech,01/12/2022
225239-50,Real Estate Technology,01/12/2022
103045-51,Big Data,01/12/2022
152587-63,TMT,01/12/2022
471781-27,Marketing Tech,01/12/2022
185194-81,Manufacturing,01/12/2022
437735-89,SaaS,01/12/2022
163727-74,TMT,01/12/2022
482454-91,Life Sciences,01/12/2022
61890-04,TMT,01/12/2022
51606-82,TMT,01/12/2022
222259-96,Marketing Tech,01/12/2022
432867-07,Oil & Gas,01/12/2022
156879-10,Mobile,01/12/2022
463326-76,Micro-Mobility,01/12/2022
164234-62,Artificial Intelligence & Machine Learning,01/12/2022
228735-46,Climate Tech,01/12/2022
465804-73,HealthTech,01/12/2022
58451-50,Oil & Gas,01/12/2022
303535-27,SaaS,01/12/2022
60349-96,TMT,01/12/2022
458520-94,LOHAS & Wellness,01/12/2022
162306-37,Mobile,01/12/2022
113356-81,Robotics and Drones,01/12/2022
56050-48,FoodTech,01/12/2022
264980-08,Industrials,01/12/2022
168723-10,E-Commerce,01/12/2022
431579-17,EdTech,01/12/2022
226069-30,Big Data,01/12/2022
60673-51,Life Sciences,01/12/2022
222636-16,Internet of Things,01/12/2022
51712-75,Artificial Intelligence & Machine Learning,01/12/2022
222992-92,TMT,01/12/2022
265549-78,E-Commerce,01/12/2022
113816-44,E-Commerce,01/12/2022
118192-15,Mobility Tech,01/12/2022
167488-48,Artificial Intelligence & Machine Learning,01/12/2022
56240-29,E-Commerce,01/12/2022
128454-76,TMT,01/12/2022
65351-53,SaaS,01/12/2022
155857-06,HealthTech,01/12/2022
229659-58,FemTech,01/12/2022
172879-39,Cybersecurity,01/12/2022
56656-54,Gaming,01/12/2022
155069-47,Oncology,01/12/2022
102505-60,Artificial Intelligence & Machine Learning,01/12/2022
224373-43,SaaS,01/12/2022
225695-62,TMT,01/12/2022
228555-73,SaaS,01/12/2022
181403-11,Climate Tech,01/12/2022
51396-22,Mobile,01/12/2022
233512-84,Big Data,01/12/2022
55286-47,Marketing Tech,01/12/2022
61657-93,Internet of Things,01/12/2022
123234-31,Supply Chain Tech,01/12/2022
122216-59,TMT,01/12/2022
228115-00,Artificial Intelligence & Machine Learning,01/12/2022
97437-16,E-Commerce,01/12/2022
119926-72,Mobile,01/12/2022
185065-21,Life Sciences,01/12/2022
62899-03,Artificial Intelligence & Machine Learning,01/12/2022
230771-08,E-Commerce,01/12/2022
152089-48,LOHAS & Wellness,01/12/2022
277243-48,AgTech,01/12/2022
126186-94,TMT,01/12/2022
170810-92,Supply Chain Tech,01/12/2022
62047-63,Mobile,01/12/2022
224039-98,Big Data,01/12/2022
267409-54,Autonomous cars,01/12/2022
65351-53,TMT,01/12/2022
226402-66,Manufacturing,01/12/2022
114039-01,TMT,01/12/2022
170438-05,CleanTech,01/12/2022
229244-50,TMT,01/12/2022
55455-49,HR Tech,01/12/2022
117539-20,Mobile,01/12/2022
60739-75,SaaS,01/12/2022
62315-56,Big Data,01/12/2022
439515-19,Cybersecurity,01/12/2022
166438-45,Mobility Tech,01/12/2022
143347-96,HealthTech,01/12/2022
462991-42,SaaS,01/12/2022
155608-48,Mobile,01/12/2022
113356-81,Internet of Things,01/12/2022
454254-94,Life Sciences,01/12/2022
161817-76,Industrials,01/12/2022
163535-95,Mobile,01/12/2022
467834-86,Oil & Gas,01/12/2022
107929-72,CloudTech & DevOps,01/12/2022
90347-95,Supply Chain Tech,01/12/2022
181998-55,HealthTech,01/12/2022
279752-95,Artificial Intelligence & Machine Learning,01/12/2022
459667-00,SaaS,01/12/2022
234959-41,LOHAS & Wellness,01/12/2022
173989-18,eSports,01/12/2022
84885-13,EdTech,01/12/2022
466970-23,Life Sciences,01/12/2022
54662-50,TMT,01/12/2022
178355-08,TMT,01/12/2022
55377-73,TMT,01/12/2022
163715-68,E-Commerce,01/12/2022
89562-79,FinTech,01/12/2022
122216-59,Gaming,01/12/2022
55767-16,Real Estate Technology,01/12/2022
58997-44,HR Tech,01/12/2022
186061-06,Artificial Intelligence & Machine Learning,01/12/2022
462086-65,SaaS,01/12/2022
264572-56,Virtual Reality,01/12/2022
156879-10,Supply Chain Tech,01/12/2022
233877-07,SaaS,01/12/2022
55767-16,SaaS,01/12/2022
264980-08,FinTech,01/12/2022
57081-79,Marketing Tech,01/12/2022
51258-52,TMT,01/12/2022
277343-74,HealthTech,01/12/2022
64834-93,SaaS,01/12/2022
265401-10,TMT,01/12/2022
95825-53,Mobile,01/12/2022
58451-50,TMT,01/12/2022
161539-12,Big Data,01/12/2022
180784-09,Life Sciences,01/12/2022
65898-10,TMT,01/12/2022
60056-02,TMT,01/12/2022
126271-54,TMT,01/12/2022
94853-17,TMT,01/12/2022
267055-48,LOHAS & Wellness,01/12/2022
152587-63,SaaS,01/12/2022
267672-25,Real Estate Technology,01/12/2022
102143-53,TMT,01/12/2022
64152-28,SaaS,01/12/2022
56656-54,SaaS,01/12/2022
57265-66,TMT,01/12/2022
95825-53,Artificial Intelligence & Machine Learning,01/12/2022
471463-03,Cryptocurrency/Blockchain,01/12/2022
462123-91,Artificial Intelligence & Machine Learning,01/12/2022
178355-08,Mobile,01/12/2022
104084-47,SaaS,01/12/2022
97437-16,TMT,01/12/2022
112999-51,Oncology,01/12/2022
223414-39,SaaS,01/12/2022
118139-32,Big Data,01/12/2022
442706-05,FinTech,01/12/2022
101715-85,SaaS,01/12/2022
222993-10,Beauty,01/12/2022
314489-53,Artificial Intelligence & Machine Learning,01/12/2022
228246-58,TMT,01/12/2022
459566-92,SaaS,01/12/2022
229905-10,TMT,01/12/2022
434177-38,FinTech,01/12/2022
95733-46,Artificial Intelligence & Machine Learning,01/12/2022
464310-37,Oncology,01/12/2022
48540-97,Cybersecurity,01/12/2022
340786-63,Life Sciences,01/12/2022
169864-30,TMT,01/12/2022
107518-60,TMT,01/12/2022
228335-50,FinTech,01/12/2022
224304-04,SaaS,01/12/2022
433363-60,AgTech,01/12/2022
168723-10,SaaS,01/12/2022
169255-36,Life Sciences,01/12/2022
104389-03,Mobile,01/12/2022
153443-89,CleanTech,01/12/2022
107929-72,SaaS,01/12/2022
469946-26,Cryptocurrency/Blockchain,01/12/2022
170195-23,Advanced Manufacturing,01/12/2022
65898-10,E-Commerce,01/12/2022
100360-00,TMT,01/12/2022
181212-22,Artificial Intelligence & Machine Learning,01/12/2022
231080-50,Mobile,01/12/2022
234398-17,HealthTech,01/12/2022
172089-55,Artificial Intelligence & Machine Learning,01/12/2022
179388-82,Digital Health,01/12/2022
107635-69,TMT,01/12/2022
62185-24,FinTech,01/12/2022
119288-62,TMT,01/12/2022
437032-72,Real Estate Technology,01/12/2022
184333-87,FinTech,01/12/2022
223823-44,SaaS,01/12/2022
264938-14,FinTech,01/12/2022
181594-09,Industrials,01/12/2022
223375-60,SaaS,01/12/2022
56329-93,Artificial Intelligence & Machine Learning,01/12/2022
95733-46,CloudTech & DevOps,01/12/2022
101984-86,Augmented Reality,01/12/2022
84274-93,Augmented Reality,01/12/2022
159062-05,Advanced Manufacturing,01/12/2022
84996-19,Mobile,01/12/2022
432832-87,EdTech,01/12/2022
463326-76,Mobility Tech,01/12/2022
115530-40,SaaS,01/12/2022
100983-88,E-Commerce,01/12/2022
226588-15,TMT,01/12/2022
222161-32,Supply Chain Tech,01/12/2022
99747-28,Big Data,01/12/2022
60056-02,SaaS,01/12/2022
97267-96,FinTech,01/12/2022
102505-60,TMT,01/12/2022
85889-53,TMT,01/12/2022
55531-81,Digital Health,01/12/2022
228840-22,InsurTech,01/12/2022
472246-84,Gaming,01/12/2022
60683-68,TMT,01/12/2022
186570-91,Space Technology,01/12/2022
185065-21,Digital Health,01/12/2022
159062-05,Internet of Things,01/12/2022
439575-94,Artificial Intelligence & Machine Learning,01/12/2022
162306-37,Digital Health,01/12/2022
277723-36,Robotics and Drones,01/12/2022
93771-28,Augmented Reality,01/12/2022
469529-83,Marketing Tech,01/12/2022
43099-75,Legal Tech,01/12/2022
455982-04,InsurTech,01/12/2022
481690-72,FinTech,01/12/2022
179388-82,Internet of Things,01/12/2022
229032-91,HealthTech,01/12/2022
115530-40,EdTech,01/12/2022
54211-87,Oncology,01/12/2022
104696-92,HealthTech,01/12/2022
183780-28,Life Sciences,01/12/2022
52662-25,TMT,01/12/2022
85463-11,Industrials,01/12/2022
228399-67,Artificial Intelligence & Machine Learning,01/12/2022
100360-00,Artificial Intelligence & Machine Learning,01/12/2022
462635-47,Internet of Things,01/12/2022
97437-16,Supply Chain Tech,01/12/2022
278912-98,LOHAS & Wellness,01/12/2022
438968-98,HealthTech,01/12/2022
465522-49,FinTech,01/12/2022
148964-86,Oncology,01/12/2022
175317-22,Cybersecurity,01/12/2022
60683-68,SaaS,01/12/2022
228840-22,Supply Chain Tech,01/12/2022
60290-02,Big Data,01/12/2022
150076-09,AdTech,01/12/2022
181676-44,Supply Chain Tech,01/12/2022
234558-01,Augmented Reality,01/12/2022
267672-25,Mobile,01/12/2022
53863-03,Industrials,01/12/2022
234959-41,TMT,01/12/2022
58085-83,FinTech,01/12/2022
103159-27,Artificial Intelligence & Machine Learning,01/12/2022
49063-96,AudioTech,01/12/2022
51699-25,Industrials,01/12/2022
265026-52,Mobile,01/12/2022
124143-31,Industrials,01/12/2022
148801-60,Life Sciences,01/12/2022
265600-45,Gaming,01/12/2022
437171-05,Real Estate Technology,01/12/2022
126186-94,Wearables & Quantified Self,01/12/2022
85889-53,Life Sciences,01/12/2022
168211-63,InsurTech,01/12/2022
161459-83,TMT,01/12/2022
266705-02,Gaming,01/12/2022
222970-51,TMT,01/12/2022
472023-10,Oncology,01/12/2022
229244-50,Real Estate Technology,01/12/2022
115350-85,Supply Chain Tech,01/12/2022
113653-81,SaaS,01/12/2022
115350-85,TMT,01/12/2022
107635-69,Oncology,01/12/2022
151158-07,Nanotechnology,01/12/2022
434177-38,SaaS,01/12/2022
228555-73,TMT,01/12/2022
124143-31,Advanced Manufacturing,01/12/2022
228973-87,TMT,01/12/2022
56005-84,TMT,01/12/2022
223425-46,eSports,01/12/2022
225864-64,TMT,01/12/2022
98434-00,Industrials,01/12/2022
123234-31,Cannabis,01/12/2022
114079-78,Mobile,01/12/2022
228735-46,Supply Chain Tech,01/12/2022
228697-48,TMT,01/12/2022
268602-58,Virtual Reality,01/12/2022
164065-96,Life Sciences,01/12/2022
98956-00,HealthTech,01/12/2022
90279-64,HealthTech,01/12/2022
65769-22,E-Commerce,01/12/2022
64736-56,Life Sciences,01/12/2022
166438-45,Robotics and Drones,01/12/2022
459733-87,Mobile,01/12/2022
133119-46,SaaS,01/12/2022
149195-89,CleanTech,01/12/2022
277450-84,CloudTech & DevOps,01/12/2022
436432-15,SaaS,01/12/2022
53346-43,TMT,01/12/2022
230429-62,TMT,01/12/2022
399185-20,Artificial Intelligence & Machine Learning,01/12/2022
110112-94,AdTech,01/12/2022
462596-41,Internet of Things,01/12/2022
279602-02,Mobile,01/12/2022
178355-08,Mobility Tech,01/12/2022
169255-36,Oncology,01/12/2022
112233-88,FinTech,01/12/2022
442540-45,FinTech,01/12/2022
163373-77,Artificial Intelligence & Machine Learning,01/12/2022
84885-13,TMT,01/12/2022
463290-58,FinTech,01/12/2022
121699-81,Life Sciences,01/12/2022
161973-19,TMT,01/12/2022
291949-21,E-Commerce,01/12/2022
113971-33,Artificial Intelligence & Machine Learning,01/12/2022
442856-71,Life Sciences,01/12/2022
399550-78,Cybersecurity,01/12/2022
231286-24,Oncology,01/12/2022
277597-36,SaaS,01/12/2022
462991-42,Supply Chain Tech,01/12/2022
161630-11,Cybersecurity,01/12/2022
58451-50,CleanTech,01/12/2022
279711-46,Real Estate Technology,01/12/2022
483366-97,Cryptocurrency/Blockchain,01/12/2022
91435-06,AgTech,01/12/2022
231993-10,TMT,01/12/2022
104504-05,Artificial Intelligence & Machine Learning,01/12/2022
182654-47,SaaS,01/12/2022
110207-35,FinTech,01/12/2022
181330-21,Real Estate Technology,01/12/2022
99461-71,E-Commerce,01/12/2022
54782-47,Mobile,01/12/2022
223908-04,Supply Chain Tech,01/12/2022
464380-57,E-Commerce,01/12/2022
55871-56,TMT,01/12/2022
466681-60,FoodTech,01/12/2022
221799-16,Life Sciences,01/12/2022
113971-33,TMT,01/12/2022
103931-92,FinTech,01/12/2022
122869-99,Mobile,01/12/2022
171316-63,SaaS,01/12/2022
222992-92,SaaS,01/12/2022
115028-74,E-Commerce,01/12/2022
56265-94,FinTech,01/12/2022
167599-00,Mobile,01/12/2022
63693-37,Mobile,01/12/2022
163903-69,SaaS,01/12/2022
113946-40,SaaS,01/12/2022
100838-08,SaaS,01/12/2022
267844-60,SaaS,01/12/2022
180925-39,TMT,01/12/2022
265525-21,Gaming,01/12/2022
58284-46,SaaS,01/12/2022
234157-42,Robotics and Drones,01/12/2022
57940-66,CleanTech,01/12/2022
95736-88,Supply Chain Tech,01/12/2022
57987-28,SaaS,01/12/2022
113356-81,TMT,01/12/2022
109101-16,AgTech,01/12/2022
62899-03,Mobile,01/12/2022
103045-51,TMT,01/12/2022
57056-23,SaaS,01/12/2022
342009-46,CleanTech,01/12/2022
442406-26,FemTech,01/12/2022
56374-48,Big Data,01/12/2022
51258-52,CleanTech,01/12/2022
223414-39,Cannabis,01/12/2022
167488-48,Advanced Manufacturing,01/12/2022
267218-02,Big Data,01/12/2022
57056-23,AgTech,01/12/2022
119926-72,Cannabis,01/12/2022
459919-27,SaaS,01/12/2022
114039-01,Mobile,01/12/2022
226606-33,TMT,01/12/2022
266083-12,HealthTech,01/12/2022
230759-74,CloudTech & DevOps,01/12/2022
56050-48,Restaurant Technology,01/12/2022
442406-26,Beauty,01/12/2022
169628-50,TMT,01/12/2022
167488-48,Cybersecurity,01/12/2022
181588-69,E-Commerce,01/12/2022
58421-98,Wearables & Quantified Self,01/12/2022
185202-19,Robotics and Drones,01/12/2022
111337-48,Space Technology,01/12/2022
268602-58,Augmented Reality,01/12/2022
169816-78,Digital Health,01/12/2022
159217-21,SaaS,01/12/2022
107635-69,FemTech,01/12/2022
169329-52,Cybersecurity,01/12/2022
53346-43,Mobile,01/12/2022
471027-97,LOHAS & Wellness,01/12/2022
266928-85,Industrials,01/12/2022
186073-66,CleanTech,01/12/2022
101900-08,FoodTech,01/12/2022
462596-41,Manufacturing,01/12/2022
84944-89,Marketing Tech,01/12/2022
293027-50,SaaS,01/12/2022
51699-25,Climate Tech,01/12/2022
56923-12,EdTech,01/12/2022
160960-33,Mobile,01/12/2022
91796-05,Manufacturing,01/12/2022
99461-71,TMT,01/12/2022
51540-94,TMT,01/12/2022
152767-81,SaaS,01/12/2022
224039-98,HealthTech,01/12/2022
53346-43,SaaS,01/12/2022
166980-88,TMT,01/12/2022
152767-81,Mobility Tech,01/12/2022
268602-58,SaaS,01/12/2022
160960-33,SaaS,01/12/2022
54782-29,SaaS,01/12/2022
234558-01,Wearables & Quantified Self,01/12/2022
170195-23,Artificial Intelligence & Machine Learning,01/12/2022
164206-18,InsurTech,01/12/2022
169628-50,Life Sciences,01/12/2022
456705-37,E-Commerce,01/12/2022
56329-93,HealthTech,01/12/2022
121699-99,SaaS,01/12/2022
118139-32,SaaS,01/12/2022
118452-97,Life Sciences,01/12/2022
82792-81,TMT,01/12/2022
63064-63,LOHAS & Wellness,01/12/2022
109793-26,Virtual Reality,01/12/2022
222992-92,Artificial Intelligence & Machine Learning,01/12/2022
279805-51,Mobile Commerce,01/12/2022
228139-57,CloudTech & DevOps,01/12/2022
167915-26,TMT,01/12/2022
57023-65,Supply Chain Tech,01/12/2022
98434-00,SaaS,01/12/2022
58737-97,Mobile,01/12/2022
226606-33,Internet of Things,01/12/2022
228246-58,Cannabis,01/12/2022
130387-51,TMT,01/12/2022
131241-61,Cryptocurrency/Blockchain,01/12/2022
53575-12,Big Data,01/12/2022
266344-84,E-Commerce,01/12/2022
161348-32,Mobile,01/12/2022
56240-29,LOHAS & Wellness,01/12/2022
462570-31,CloudTech & DevOps,01/12/2022
163373-77,HealthTech,01/12/2022
62185-24,TMT,01/12/2022
265401-10,SaaS,01/12/2022
471463-03,FinTech,01/12/2022
156879-10,Mobility Tech,01/12/2022
104504-05,TMT,01/12/2022
463584-16,SaaS,01/12/2022
266320-45,Life Sciences,01/12/2022
233512-84,SaaS,01/12/2022
467834-86,LOHAS & Wellness,01/12/2022
182306-62,TMT,01/12/2022
458520-94,Mobile,01/12/2022
224569-18,LOHAS & Wellness,01/12/2022
51452-29,Life Sciences,01/12/2022
469366-39,CloudTech & DevOps,01/12/2022
51606-01,Nanotechnology,01/12/2022
43225-30,TMT,01/12/2022
222637-69,Life Sciences,01/12/2022
56050-48,TMT,01/12/2022
100360-00,Industrials,01/12/2022
123940-27,LOHAS & Wellness,01/12/2022
227353-06,Life Sciences,01/12/2022
442651-96,FinTech,01/12/2022
122869-99,Digital Health,01/12/2022
431721-01,Beauty,01/12/2022
95736-88,Internet of Things,01/12/2022
57256-93,SaaS,01/12/2022
100784-35,Oncology,01/12/2022
187517-26,TMT,01/12/2022
155818-45,Big Data,01/12/2022
126138-16,CleanTech,01/12/2022
62899-03,LOHAS & Wellness,01/12/2022
170132-05,FinTech,01/12/2022
432994-15,SaaS,01/12/2022
65249-74,FinTech,01/12/2022
266320-45,HealthTech,01/12/2022
151158-07,Manufacturing,01/12/2022
268005-34,Cryptocurrency/Blockchain,01/12/2022
235021-24,SaaS,01/12/2022
481190-68,HealthTech,01/12/2022
56460-16,Gaming,01/12/2022
51006-43,TMT,01/12/2022
178844-77,E-Commerce,01/12/2022
56374-48,SaaS,01/12/2022
119926-72,TMT,01/12/2022
54088-48,TMT,01/12/2022
167948-38,EdTech,01/12/2022
232210-63,SaaS,01/12/2022
466593-49,SaaS,01/12/2022
51119-56,TMT,01/12/2022
93771-28,Manufacturing,01/12/2022
52537-87,Internet of Things,01/12/2022
58278-43,TMT,01/12/2022
97437-16,LOHAS & Wellness,01/12/2022
155402-02,Cybersecurity,01/12/2022
279571-24,Big Data,01/12/2022
169756-21,Real Estate Technology,01/12/2022
47662-48,CleanTech,01/12/2022
57081-79,SaaS,01/12/2022
124143-31,Robotics and Drones,01/12/2022
462635-47,Manufacturing,01/12/2022
436167-82,EdTech,01/12/2022
124143-31,SaaS,01/12/2022
472232-53,Artificial Intelligence & Machine Learning,01/12/2022
455982-04,Mobility Tech,01/12/2022
55362-16,HealthTech,01/12/2022
84944-89,TMT,01/12/2022
332221-78,Big Data,01/12/2022
56923-12,TMT,01/12/2022
459733-87,E-Commerce,01/12/2022
437651-02,B2B Payments,01/12/2022
162754-03,Mobile,01/12/2022
436028-23,Real Estate Technology,01/12/2022
437403-52,HealthTech,01/12/2022
60700-33,E-Commerce,01/12/2022
152089-48,TMT,01/12/2022
60700-33,TMT,01/12/2022
455010-13,Cryptocurrency/Blockchain,01/12/2022
234223-66,SaaS,01/12/2022
113144-59,LOHAS & Wellness,01/12/2022
57256-93,Internet of Things,01/12/2022
124143-31,Artificial Intelligence & Machine Learning,01/12/2022
434586-70,Oncology,01/12/2022
122869-99,Big Data,01/12/2022
458396-29,Big Data,01/12/2022
61728-58,Industrials,01/12/2022
64116-28,SaaS,01/12/2022
461798-83,TMT,01/12/2022
223869-34,Artificial Intelligence & Machine Learning,01/12/2022
56240-29,FoodTech,01/12/2022
227625-13,AgTech,01/12/2022
279630-91,Artificial Intelligence & Machine Learning,01/12/2022
230391-64,TMT,01/12/2022
169864-30,Artificial Intelligence & Machine Learning,01/12/2022
124143-31,TMT,01/12/2022
162423-37,TMT,01/12/2022
52639-39,TMT,01/12/2022
51606-82,SaaS,01/12/2022
58997-44,TMT,01/12/2022
230759-74,SaaS,01/12/2022
232210-63,Artificial Intelligence & Machine Learning,01/12/2022
431642-35,FemTech,01/12/2022
173989-18,Mobile,01/12/2022
431721-01,E-Commerce,01/12/2022
224304-04,Big Data,01/12/2022
462925-72,CloudTech & DevOps,01/12/2022
84274-93,TMT,01/12/2022
57265-66,Mobile,01/12/2022
58485-79,Mobile,01/12/2022
88650-37,Life Sciences,01/12/2022
438968-98,Artificial Intelligence & Machine Learning,01/12/2022
279805-51,Mobile,01/12/2022
161348-32,FinTech,01/12/2022
151470-37,CloudTech & DevOps,01/12/2022
180009-10,TMT,01/12/2022
454493-89,SaaS,01/12/2022
442986-67,LOHAS & Wellness,01/12/2022
180203-77,Life Sciences,01/12/2022
60633-19,Beauty,01/12/2022
171572-86,E-Commerce,01/12/2022
52836-76,Cybersecurity,01/12/2022
157903-93,SaaS,01/12/2022
399631-42,Big Data,01/12/2022
399549-25,Life Sciences,01/12/2022
277501-42,Augmented Reality,01/12/2022
264951-46,E-Commerce,01/12/2022
399258-64,E-Commerce,01/12/2022
58451-50,Infrastructure,01/12/2022
265138-39,FoodTech,01/12/2022
112027-33,Mobile,01/12/2022
221670-91,TMT,01/12/2022
58291-12,Big Data,01/12/2022
183032-02,TMT,01/12/2022
266594-50,Big Data,01/12/2022
126547-57,E-Commerce,01/12/2022
171581-59,Digital Health,01/12/2022
472232-53,EdTech,01/12/2022
452848-33,Manufacturing,01/12/2022
179372-71,SaaS,01/12/2022
135335-89,TMT,01/12/2022
277243-48,E-Commerce,01/12/2022
186690-52,TMT,01/12/2022
439428-61,HealthTech,01/12/2022
91435-06,Supply Chain Tech,01/12/2022
112497-04,SaaS,01/12/2022
181726-21,Life Sciences,01/12/2022
63691-48,HR Tech,01/12/2022
96230-98,Nanotechnology,01/12/2022
58390-48,SaaS,01/12/2022
458660-71,EdTech,01/12/2022
268533-19,Mobile,01/12/2022
471781-27,AdTech,01/12/2022
279737-56,Mobile,01/12/2022
327314-44,Restaurant Technology,01/12/2022
465804-73,Digital Health,01/12/2022
231721-66,TMT,01/12/2022
179388-82,Artificial Intelligence & Machine Learning,01/12/2022
109101-16,TMT,01/12/2022
223823-44,Mobility Tech,01/12/2022
399659-59,Industrials,01/12/2022
268005-34,FinTech,01/12/2022
472023-10,Life Sciences,01/12/2022
155857-06,Wearables & Quantified Self,01/12/2022
57056-23,Supply Chain Tech,01/12/2022
222959-98,Cryptocurrency/Blockchain,01/12/2022
483136-93,Cybersecurity,01/12/2022
343034-20,E-Commerce,01/12/2022
152587-63,HealthTech,01/12/2022
454254-94,HealthTech,01/12/2022
442706-05,SaaS,01/12/2022
229659-58,HealthTech,01/12/2022
172422-91,Marketing Tech,01/12/2022
228016-45,SaaS,01/12/2022
168857-56,Mobile,01/12/2022
224569-18,Climate Tech,01/12/2022
55531-81,HealthTech,01/12/2022
104186-71,eSports,01/12/2022
453493-27,FinTech,01/12/2022
166193-20,HR Tech,01/12/2022
152089-48,Wearables & Quantified Self,01/12/2022
112233-88,Artificial Intelligence & Machine Learning,01/12/2022
126547-57,TMT,01/12/2022
150516-91,TMT,01/12/2022
64520-11,Real Estate Technology,01/12/2022
100151-38,FinTech,01/12/2022
149007-34,LOHAS & Wellness,01/12/2022
183145-60,Mobile,01/12/2022
292160-26,AgTech,01/12/2022
180925-39,Cryptocurrency/Blockchain,01/12/2022
470485-63,FinTech,01/12/2022
442514-26,E-Commerce,01/12/2022
228399-67,Digital Health,01/12/2022
462991-42,Big Data,01/12/2022
170132-05,SaaS,01/12/2022
97352-38,LOHAS & Wellness,01/12/2022
52649-65,Mobile,01/12/2022
103045-51,Artificial Intelligence & Machine Learning,01/12/2022
160953-85,HealthTech,01/12/2022
62690-86,TMT,01/12/2022
154278-46,FoodTech,01/12/2022
65007-55,SaaS,01/12/2022
53559-46,CleanTech,01/12/2022
163373-77,Digital Health,01/12/2022
107634-25,TMT,01/12/2022
170195-23,SaaS,01/12/2022
183118-51,HealthTech,01/12/2022
229244-50,Mortgage Tech,01/12/2022
98956-00,TMT,01/12/2022
183473-74,InsurTech,01/12/2022
122216-59,Cryptocurrency/Blockchain,01/12/2022
158217-22,Manufacturing,01/12/2022
279882-19,Life Sciences,01/12/2022
62185-24,Artificial Intelligence & Machine Learning,01/12/2022
126174-79,AdTech,01/12/2022
63994-60,eSports,01/12/2022
222957-01,SaaS,01/12/2022
277545-34,Cryptocurrency/Blockchain,01/12/2022
221418-64,TMT,01/12/2022
454596-04,Mobile,01/12/2022
459390-34,Mobile,01/12/2022
64152-28,TMT,01/12/2022
279630-91,Robotics and Drones,01/12/2022
56325-61,E-Commerce,01/12/2022
50847-22,FinTech,01/12/2022
117529-30,Manufacturing,01/12/2022
467834-86,FemTech,01/12/2022
173989-18,SaaS,01/12/2022
436098-07,Cannabis,01/12/2022
224048-35,FoodTech,01/12/2022
97913-89,Industrials,01/12/2022
435408-49,Big Data,01/12/2022
52537-87,Autonomous cars,01/12/2022
228802-87,TMT,01/12/2022
226862-74,TMT,01/12/2022
459919-27,Artificial Intelligence & Machine Learning,01/12/2022
178460-74,TMT,01/12/2022
228735-46,FoodTech,01/12/2022
58737-97,FinTech,01/12/2022
462925-72,Artificial Intelligence & Machine Learning,01/12/2022
264360-61,HealthTech,01/12/2022
235957-69,SaaS,01/12/2022
482384-80,CloudTech & DevOps,01/12/2022
153443-89,Industrials,01/12/2022
230951-80,Big Data,01/12/2022
104389-03,TMT,01/12/2022
431579-17,Virtual Reality,01/12/2022
57474-01,Marketing Tech,01/12/2022
229064-05,LOHAS & Wellness,01/12/2022
107239-87,Mobile,01/12/2022
84274-93,Virtual Reality,01/12/2022
64128-97,Cybersecurity,01/12/2022
230759-74,TMT,01/12/2022
60290-02,Artificial Intelligence & Machine Learning,01/12/2022
106714-00,SaaS,01/12/2022
179388-82,Big Data,01/12/2022
291949-21,AgTech,01/12/2022
123281-29,Life Sciences,01/12/2022
453450-61,LOHAS & Wellness,01/12/2022
234223-66,FinTech,01/12/2022
58284-46,TMT,01/12/2022
339930-82,FinTech,01/12/2022
224048-35,Oil & Gas,01/12/2022
227773-81,HealthTech,01/12/2022
267300-64,Climate Tech,01/12/2022
170712-10,Mobile,01/12/2022
64834-93,TMT,01/12/2022
439025-23,SaaS,01/12/2022
167915-26,HR Tech,01/12/2022
114187-51,Oil & Gas,01/12/2022
268602-58,Artificial Intelligence & Machine Learning,01/12/2022
169756-21,TMT,01/12/2022
343331-92,TMT,01/12/2022
436084-48,eSports,01/12/2022
233514-55,LOHAS & Wellness,01/12/2022
228115-00,SaaS,01/12/2022
155818-45,TMT,01/12/2022
436229-20,Cybersecurity,01/12/2022
187926-04,SaaS,01/12/2022
51119-56,AdTech,01/12/2022
227625-13,Life Sciences,01/12/2022
64736-56,Nanotechnology,01/12/2022
99447-49,TMT,01/12/2022
93161-17,Mobility Tech,01/12/2022
99747-28,TMT,01/12/2022
185202-19,Augmented Reality,01/12/2022
98155-27,Digital Health,01/12/2022
153443-89,Artificial Intelligence & Machine Learning,01/12/2022
439376-23,Oncology,01/12/2022
160141-69,Life Sciences,01/12/2022
467834-86,Manufacturing,01/12/2022
161817-76,Climate Tech,01/12/2022
222970-51,Internet of Things,01/12/2022
438227-83,E-Commerce,01/12/2022
267300-64,Manufacturing,01/12/2022
163154-17,Big Data,01/12/2022
469273-96,SaaS,01/12/2022
224048-35,Manufacturing,01/12/2022
439575-94,Gaming,01/12/2022
224197-75,TMT,01/12/2022
104504-05,SaaS,01/12/2022
123940-27,Industrials,01/12/2022
58284-46,EdTech,01/12/2022
222110-11,TMT,01/12/2022
64834-93,Cybersecurity,01/12/2022
109101-16,Supply Chain Tech,01/12/2022
52260-85,Mobile Commerce,01/12/2022
100151-38,TMT,01/12/2022
436432-15,Robotics and Drones,01/12/2022
454842-82,Construction Technology,01/12/2022
166193-20,Artificial Intelligence & Machine Learning,01/12/2022
118452-97,TMT,01/12/2022
483369-85,SaaS,01/12/2022
56524-51,Life Sciences,01/12/2022
489269-53,FinTech,01/12/2022
265155-40,Cryptocurrency/Blockchain,01/12/2022
186970-24,Life Sciences,01/12/2022
228555-73,Mobile,01/12/2022
459667-00,EdTech,01/12/2022
266083-12,LOHAS & Wellness,01/12/2022
466201-81,Cryptocurrency/Blockchain,01/12/2022
162953-02,SaaS,01/12/2022
53903-17,TMT,01/12/2022
225669-61,Digital Health,01/12/2022
226920-07,Marketing Tech,01/12/2022
65249-74,InsurTech,01/12/2022
221693-86,Robotics and Drones,01/12/2022
332221-78,FinTech,01/12/2022
104353-03,Life Sciences,01/12/2022
112233-88,InsurTech,01/12/2022
162953-02,TMT,01/12/2022
50847-22,TMT,01/12/2022
160959-52,SaaS,01/12/2022
102143-53,SaaS,01/12/2022
114079-78,Gaming,01/12/2022
84885-13,E-Commerce,01/12/2022
466681-60,E-Commerce,01/12/2022
65351-53,Big Data,01/12/2022
103074-85,Wearables & Quantified Self,01/12/2022
55353-34,TMT,01/12/2022
223375-60,AdTech,01/12/2022
462123-91,SaaS,01/12/2022
442469-26,Life Sciences,01/12/2022
154045-99,Supply Chain Tech,01/12/2022
224545-06,TMT,01/12/2022
173989-18,Big Data,01/12/2022
169329-52,SaaS,01/12/2022
97437-16,Mobile,01/12/2022
100784-35,Manufacturing,01/12/2022
181676-44,TMT,01/12/2022
115530-40,Mobile,01/12/2022
98155-00,Life Sciences,01/12/2022
226069-30,CloudTech & DevOps,01/12/2022
43225-30,SaaS,01/12/2022
234157-42,Construction Technology,01/12/2022
60700-33,SaaS,01/12/2022
108107-02,Industrials,01/12/2022
66281-41,LOHAS & Wellness,01/12/2022
58451-50,Climate Tech,01/12/2022
161817-76,LOHAS & Wellness,01/12/2022
439301-71,E-Commerce,01/12/2022
439376-23,Life Sciences,01/12/2022
60349-96,Mobile,01/12/2022
117529-30,Climate Tech,01/12/2022
469563-58,E-Commerce,01/12/2022
161973-19,Marketing Tech,01/12/2022
467794-81,eSports,01/12/2022
168723-10,TMT,01/12/2022
166193-20,TMT,01/12/2022
117529-30,CleanTech,01/12/2022
63351-28,FinTech,01/12/2022
52260-85,FinTech,01/12/2022
170438-05,Manufacturing,01/12/2022
133119-46,TMT,01/12/2022
166438-45,Artificial Intelligence & Machine Learning,01/12/2022
459523-63,Real Estate Technology,01/12/2022
266320-45,Oncology,01/12/2022
399631-42,Life Sciences,01/12/2022
112233-88,TMT,01/12/2022
231906-61,Big Data,01/12/2022
61568-20,FoodTech,01/12/2022
158482-45,TMT,01/12/2022
268474-42,Real Estate Technology,01/12/2022
168118-66,Life Sciences,01/12/2022
55377-73,SaaS,01/12/2022
234575-11,TMT,01/12/2022
171405-91,Digital Health,01/12/2022
115530-40,TMT,01/12/2022
279882-19,Oncology,01/12/2022
164350-90,TMT,01/12/2022
152089-48,Big Data,01/12/2022
454493-89,TMT,01/12/2022
121155-67,LOHAS & Wellness,01/12/2022
224067-43,Life Sciences,01/12/2022
226862-74,CleanTech,01/12/2022
61990-75,Life Sciences,01/12/2022
462402-10,EdTech,01/12/2022
437651-02,FinTech,01/12/2022
57124-90,TMT,01/12/2022
150076-09,Marketing Tech,01/12/2022
171561-25,FoodTech,01/12/2022
266705-02,Mobile,01/12/2022
227625-13,Supply Chain Tech,01/12/2022
54329-86,TMT,01/12/2022
306440-02,Artificial Intelligence & Machine Learning,01/12/2022
431642-35,E-Commerce,01/12/2022
155467-72,Life Sciences,01/12/2022
182306-62,E-Commerce,01/12/2022
58165-57,Life Sciences,01/12/2022
91435-06,Artificial Intelligence & Machine Learning,01/12/2022
463290-58,Cryptocurrency/Blockchain,01/12/2022
467904-79,LOHAS & Wellness,01/12/2022
65431-90,Life Sciences,01/12/2022
228697-48,Artificial Intelligence & Machine Learning,01/12/2022
110207-35,Mobile,01/12/2022
118192-15,Autonomous cars,01/12/2022
222636-16,Marketing Tech,01/12/2022
229244-50,FinTech,01/12/2022
484194-16,Cryptocurrency/Blockchain,01/12/2022
279737-56,Supply Chain Tech,01/12/2022
101984-86,Mobile,01/12/2022
228285-73,TMT,01/12/2022
228820-87,Life Sciences,01/12/2022
102505-60,AdTech,01/12/2022
442584-46,EdTech,01/12/2022
183385-00,Robotics and Drones,01/12/2022
113816-44,TMT,01/12/2022
53712-19,Artificial Intelligence & Machine Learning,01/12/2022
131241-61,AdTech,01/12/2022
442584-46,SaaS,01/12/2022
180919-99,Robotics and Drones,01/12/2022
152837-74,TMT,01/12/2022
56486-35,Oncology,01/12/2022
98378-65,Nanotechnology,01/12/2022
90347-95,SaaS,01/12/2022
117851-86,Manufacturing,01/12/2022
228840-22,TMT,01/12/2022
101715-85,Mobile,01/12/2022
169756-21,FinTech,01/12/2022
135359-92,E-Commerce,01/12/2022
170357-32,HealthTech,01/12/2022
122216-59,Augmented Reality,01/12/2022
223375-60,TMT,01/12/2022
314489-53,HealthTech,01/12/2022
231906-61,TMT,01/12/2022
277597-36,Big Data,01/12/2022
230429-62,Mobile,01/12/2022
169204-87,SaaS,01/12/2022
85425-76,TMT,01/12/2022
266508-19,Supply Chain Tech,01/12/2022
120374-29,TMT,01/12/2022
225695-62,Mobile,01/12/2022
118037-26,CloudTech & DevOps,01/12/2022
97384-42,TMT,01/12/2022
55455-49,TMT,01/12/2022
53346-43,FinTech,01/12/2022
186061-06,Space Technology,01/12/2022
84274-93,SaaS,01/12/2022
222292-00,SaaS,01/12/2022
222970-51,Mobile,01/12/2022
452848-33,E-Commerce,01/12/2022
56325-61,TMT,01/12/2022
265026-52,Real Estate Technology,01/12/2022
180405-73,TMT,01/12/2022
460004-23,Mobile,01/12/2022
98895-34,Digital Health,01/12/2022
84218-23,HR Tech,01/12/2022
434188-54,FoodTech,01/12/2022
399631-42,Artificial Intelligence & Machine Learning,01/12/2022
185800-24,TMT,01/12/2022
454842-82,Artificial Intelligence & Machine Learning,01/12/2022
53317-00,Industrials,01/12/2022
58367-53,TMT,01/12/2022
438227-83,Cannabis,01/12/2022
264995-74,SaaS,01/12/2022
61657-93,Industrials,01/12/2022
135335-89,Legal Tech,01/12/2022
228973-87,CloudTech & DevOps,01/12/2022
437403-52,TMT,01/12/2022
232715-80,Cryptocurrency/Blockchain,01/12/2022
183385-00,Virtual Reality,01/12/2022
64152-28,Cybersecurity,01/12/2022
482384-80,SaaS,01/12/2022
482435-29,FinTech,01/12/2022
107239-87,Big Data,01/12/2022
52180-93,SaaS,01/12/2022
233788-69,SaaS,01/12/2022
40694-86,FinTech,01/12/2022
187926-04,Construction Technology,01/12/2022
264651-31,Artificial Intelligence & Machine Learning,01/12/2022
268072-39,EdTech,01/12/2022
303535-27,Artificial Intelligence & Machine Learning,01/12/2022
180919-99,TMT,01/12/2022
268647-58,CloudTech & DevOps,01/12/2022
224039-98,TMT,01/12/2022
108813-79,FinTech,01/12/2022
118452-97,AgTech,01/12/2022
97437-16,FoodTech,01/12/2022
52816-87,TMT,01/12/2022
435028-33,Cybersecurity,01/12/2022
110441-08,Oncology,01/12/2022
339792-40,Artificial Intelligence & Machine Learning,01/12/2022
183032-02,Advanced Manufacturing,01/12/2022
60056-02,FinTech,01/12/2022
98895-34,HealthTech,01/12/2022
58291-12,AudioTech,01/12/2022
111564-46,SaaS,01/12/2022
222161-32,Robotics and Drones,01/12/2022
279571-24,Marketing Tech,01/12/2022
434315-53,SaaS,01/12/2022
433618-48,SaaS,01/12/2022
150076-09,TMT,01/12/2022
51258-52,Climate Tech,01/12/2022
104243-59,Internet of Things,01/12/2022
119288-62,Climate Tech,01/12/2022
61990-75,Oncology,01/12/2022
164206-18,FinTech,01/12/2022
224304-04,Artificial Intelligence & Machine Learning,01/12/2022
232179-40,Artificial Intelligence & Machine Learning,01/12/2022
168723-10,Supply Chain Tech,01/12/2022
265138-39,E-Commerce,01/12/2022
224326-90,Big Data,01/12/2022
56656-54,Mobile,01/12/2022
226069-30,Artificial Intelligence & Machine Learning,01/12/2022
294486-31,Life Sciences,01/12/2022
97352-38,Wearables & Quantified Self,01/12/2022
481294-54,Artificial Intelligence & Machine Learning,01/12/2022
148388-68,Gaming,01/12/2022
118139-32,Artificial Intelligence & Machine Learning,01/12/2022
231721-66,Mobility Tech,01/12/2022
51606-01,Manufacturing,01/12/2022
221418-64,E-Commerce,01/12/2022
279692-92,Artificial Intelligence & Machine Learning,01/12/2022
179372-71,Artificial Intelligence & Machine Learning,01/12/2022
121662-19,Virtual Reality,01/12/2022
229905-10,Mobile,01/12/2022
56303-65,FoodTech,01/12/2022
51606-82,Marketing Tech,01/12/2022
97736-59,Life Sciences,01/12/2022
266594-50,TMT,01/12/2022
53317-00,SaaS,01/12/2022
126186-94,HealthTech,01/12/2022
459754-30,FinTech,01/12/2022
112110-13,Mobile,01/12/2022
489871-18,Artificial Intelligence & Machine Learning,01/12/2022
279711-46,Manufacturing,01/12/2022
51712-75,Digital Health,01/12/2022
277597-36,HR Tech,01/12/2022
439296-40,Robotics and Drones,01/12/2022
155857-06,LOHAS & Wellness,01/12/2022
179520-76,FinTech,01/12/2022
111564-46,TMT,01/12/2022
118626-40,TMT,01/12/2022
306440-02,Big Data,01/12/2022
95736-88,TMT,01/12/2022
232210-63,HR Tech,01/12/2022
232143-94,TMT,01/12/2022
433002-16,InsurTech,01/12/2022
123281-29,Oncology,01/12/2022
439403-23,Artificial Intelligence & Machine Learning,01/12/2022
56099-98,SaaS,01/12/2022
56355-67,Manufacturing,01/12/2022
174283-12,Artificial Intelligence & Machine Learning,01/12/2022
454596-04,TMT,01/12/2022
226588-15,Artificial Intelligence & Machine Learning,01/12/2022
171316-63,TMT,01/12/2022
229812-76,SaaS,01/12/2022
267327-10,SaaS,01/12/2022
106714-00,TMT,01/12/2022
55882-36,Artificial Intelligence & Machine Learning,01/12/2022
110207-35,HR Tech,01/12/2022
95733-46,Big Data,01/12/2022
60683-68,B2B Payments,01/12/2022
183385-00,TMT,01/12/2022
97267-96,Mobile Commerce,01/12/2022
61890-04,Artificial Intelligence & Machine Learning,01/12/2022
279630-91,CleanTech,01/12/2022
230429-62,FinTech,01/12/2022
437148-91,Industrials,01/12/2022
171855-82,TMT,01/12/2022
90279-64,TMT,01/12/2022
185202-19,Advanced Manufacturing,01/12/2022
482124-34,SaaS,01/12/2022
121662-19,TMT,01/12/2022
228115-00,Big Data,01/12/2022
63693-37,Marketing Tech,01/12/2022
53903-17,AdTech,01/12/2022
181212-22,HR Tech,01/12/2022
120655-27,SaaS,01/12/2022
120374-29,Supply Chain Tech,01/12/2022
234178-30,CloudTech & DevOps,01/12/2022
223375-60,Augmented Reality,01/12/2022
115028-74,LOHAS & Wellness,01/12/2022
181403-11,Mobility Tech,01/12/2022
229215-43,Artificial Intelligence & Machine Learning,01/12/2022
442565-92,SaaS,01/12/2022
56005-84,Artificial Intelligence & Machine Learning,01/12/2022
222110-11,FinTech,01/12/2022
483693-76,TMT,01/12/2022
103159-27,SaaS,01/12/2022
57056-23,Robotics and Drones,01/12/2022
458103-16,Manufacturing,01/12/2022
113971-33,HealthTech,01/12/2022
57702-79,SaaS,01/12/2022
82578-61,Life Sciences,01/12/2022
170438-05,Industrials,01/12/2022
66281-41,CleanTech,01/12/2022
234223-66,Oil & Gas,01/12/2022
114039-01,E-Commerce,01/12/2022
100784-35,Life Sciences,01/12/2022
99447-49,Mobile,01/12/2022
182654-47,TMT,01/12/2022
227380-15,Life Sciences,01/12/2022
267327-10,EdTech,01/12/2022
185820-58,TMT,01/12/2022
232143-94,Artificial Intelligence & Machine Learning,01/12/2022
458396-29,HR Tech,01/12/2022
158503-78,TMT,01/12/2022
167428-27,E-Commerce,01/12/2022
51330-88,TMT,01/12/2022
453493-27,SaaS,01/12/2022
233977-60,HR Tech,01/12/2022
466201-81,FinTech,01/12/2022
439128-37,HealthTech,01/12/2022
483322-42,SaaS,01/12/2022
118139-32,Mobility Tech,01/12/2022
114079-78,TMT,01/12/2022
119491-84,TMT,01/12/2022
223375-60,Mobile,01/12/2022
439555-51,Pet Technology,01/12/2022
110207-35,Mobile Commerce,01/12/2022
265277-08,FoodTech,01/12/2022
53346-43,B2B Payments,01/12/2022
222827-50,AdTech,01/12/2022
153443-89,TMT,01/12/2022
51224-41,Mobility Tech,01/12/2022
157903-93,InsurTech,01/12/2022
169756-21,SaaS,01/12/2022
85889-53,HealthTech,01/12/2022
223770-88,HealthTech,01/12/2022
149316-31,SaaS,01/12/2022
60673-51,Oncology,01/12/2022
268475-68,HealthTech,01/12/2022
60161-77,TMT,01/12/2022
279737-56,FinTech,01/12/2022
149519-89,Life Sciences,01/12/2022
267300-64,CleanTech,01/12/2022
437780-35,Marketing Tech,01/12/2022
43225-30,EdTech,01/12/2022
58493-26,SaaS,01/12/2022
438471-37,E-Commerce,01/12/2022
234575-11,SaaS,01/12/2022
172879-39,TMT,01/12/2022
235957-69,Artificial Intelligence & Machine Learning,01/12/2022
115350-85,Industrials,01/12/2022
131241-61,Mobile,01/12/2022
279791-02,Digital Health,01/12/2022
437735-89,HR Tech,01/12/2022
157321-36,HR Tech,01/12/2022
173989-18,TMT,01/12/2022
171505-63,FoodTech,01/12/2022
126271-54,Real Estate Technology,01/12/2022
442540-45,Cryptocurrency/Blockchain,01/12/2022
159217-21,TMT,01/12/2022
233543-98,eSports,01/12/2022
339828-22,E-Commerce,01/12/2022
437148-91,TMT,01/12/2022
51606-01,TMT,01/12/2022
224373-43,E-Commerce,01/12/2022
59273-38,SaaS,01/12/2022
228016-45,CloudTech & DevOps,01/12/2022
85356-91,Mobility Tech,01/12/2022
179388-82,TMT,01/12/2022
436727-17,Life Sciences,01/12/2022
64800-91,Big Data,01/12/2022
462123-91,Cybersecurity,01/12/2022
172422-91,AdTech,01/12/2022
229215-43,EdTech,01/12/2022
132602-05,SaaS,01/12/2022
224545-06,CloudTech & DevOps,01/12/2022
433654-12,Life Sciences,01/12/2022
463633-03,FinTech,01/12/2022
438968-98,Cryptocurrency/Blockchain,01/12/2022
56979-10,Life Sciences,01/12/2022
459128-53,E-Commerce,01/12/2022
228335-50,Gaming,01/12/2022
267986-35,HealthTech,01/12/2022
224067-43,Oncology,01/12/2022
52649-65,Digital Health,01/12/2022
172422-91,SaaS,01/12/2022
53712-19,Mobility Tech,01/12/2022
148964-86,Life Sciences,01/12/2022
187517-26,Mobile,01/12/2022
226323-82,FinTech,01/12/2022
461798-83,Mobile,01/12/2022
126271-54,Mortgage Tech,01/12/2022
224304-04,Supply Chain Tech,01/12/2022
58291-12,TMT,01/12/2022
104504-05,CloudTech & DevOps,01/12/2022
266978-35,FinTech,01/12/2022
53939-98,SaaS,01/12/2022
166675-96,TMT,01/12/2022
53939-98,Mobile,01/12/2022
484194-16,SaaS,01/12/2022
458748-82,FinTech,01/12/2022
51119-56,Mobile,01/12/2022
56099-98,Industrials,01/12/2022
55364-23,SaaS,01/12/2022
460004-23,Marketing Tech,01/12/2022
115015-42,TMT,01/12/2022
119491-84,HR Tech,01/12/2022
277343-74,Mobile,01/12/2022
227313-28,TMT,01/12/2022
115350-85,Mobility Tech,01/12/2022
431552-98,TMT,01/12/2022
229032-91,Life Sciences,01/12/2022
469366-39,FinTech,01/12/2022
52649-65,Wearables & Quantified Self,01/12/2022
170357-32,Life Sciences,01/12/2022
224569-18,CleanTech,01/12/2022
55364-23,FinTech,01/12/2022
63693-37,TMT,01/12/2022
56329-93,SaaS,01/12/2022
264360-61,Digital Health,01/12/2022
459754-30,TMT,01/12/2022
433871-47,Oncology,01/12/2022
436128-49,Life Sciences,01/12/2022
53559-46,Manufacturing,01/12/2022
164234-62,HealthTech,01/12/2022
51699-25,TMT,01/12/2022
433404-73,TMT,01/12/2022
342009-46,Supply Chain Tech,01/12/2022
85438-00,TMT,01/12/2022
107929-72,Big Data,01/12/2022
442205-38,Mortgage Tech,01/12/2022
181953-10,Real Estate Technology,01/12/2022
103962-25,SaaS,01/12/2022
113946-40,Cybersecurity,01/12/2022
54891-37,TMT,01/12/2022
154045-99,AgTech,01/12/2022
55353-34,Mobile,01/12/2022
47662-48,Manufacturing,01/12/2022
143347-96,Mobile,01/12/2022
55362-16,SaaS,01/12/2022
53575-12,SaaS,01/12/2022
166438-45,Autonomous cars,01/12/2022
264360-61,Artificial Intelligence & Machine Learning,01/12/2022
113130-28,HealthTech,01/12/2022
465553-18,E-Commerce,01/12/2022
58493-26,Industrials,01/12/2022
225669-61,Oncology,01/12/2022
481412-26,LOHAS & Wellness,01/12/2022
101984-86,Gaming,01/12/2022
264364-39,Oncology,01/12/2022
84944-89,SaaS,01/12/2022
483159-88,Cryptocurrency/Blockchain,01/12/2022
121662-19,Big Data,01/12/2022
183780-28,TMT,01/12/2022
187463-71,SaaS,01/12/2022
170712-10,FinTech,01/12/2022
235957-69,Gaming,01/12/2022
229215-43,TMT,01/12/2022
161348-32,TMT,01/12/2022
434188-54,LOHAS & Wellness,01/12/2022
54782-29,FinTech,01/12/2022
102143-53,Cybersecurity,01/12/2022
184216-96,TMT,01/12/2022
234558-01,Artificial Intelligence & Machine Learning,01/12/2022
55362-16,HR Tech,01/12/2022
186454-00,Mobility Tech,01/12/2022
168211-63,TMT,01/12/2022
57523-60,Big Data,01/12/2022
182220-31,CleanTech,01/12/2022
223709-23,Space Technology,01/12/2022
52180-93,TMT,01/12/2022
56329-93,Big Data,01/12/2022
60161-77,Marketing Tech,01/12/2022
155048-68,FinTech,01/12/2022
121341-70,TMT,01/12/2022
56050-48,Supply Chain Tech,01/12/2022
94853-17,Climate Tech,01/12/2022
97127-65,FinTech,01/12/2022
48540-97,Mobile,01/12/2022
101710-18,Real Estate Technology,01/12/2022
121341-70,FoodTech,01/12/2022
168691-24,Oncology,01/12/2022
167948-38,Virtual Reality,01/12/2022
465979-33,Artificial Intelligence & Machine Learning,01/12/2022
170132-05,InsurTech,01/12/2022
464073-13,FemTech,01/12/2022
91796-05,Mobile,01/12/2022
268162-75,Real Estate Technology,01/12/2022
181588-69,LOHAS & Wellness,01/12/2022
151158-07,Mobility Tech,01/12/2022
55531-81,TMT,01/12/2022
95733-46,SaaS,01/12/2022
51452-29,FemTech,01/12/2022
58367-53,SaaS,01/12/2022
439296-40,Life Sciences,01/12/2022
437403-52,Big Data,01/12/2022
148754-80,SaaS,01/12/2022
455001-58,HealthTech,01/12/2022
466681-60,Supply Chain Tech,01/12/2022
165943-90,Cybersecurity,01/12/2022
292160-26,Life Sciences,01/12/2022
267327-10,HR Tech,01/12/2022
121155-67,Internet of Things,01/12/2022
55362-16,Artificial Intelligence & Machine Learning,01/12/2022
57039-76,TMT,01/12/2022
306440-02,InsurTech,01/12/2022
265303-00,LOHAS & Wellness,01/12/2022
164065-96,Nanotechnology,01/12/2022
57270-16,Big Data,01/12/2022
85438-00,Artificial Intelligence & Machine Learning,01/12/2022
54107-11,FinTech,01/12/2022
122869-99,Artificial Intelligence & Machine Learning,01/12/2022
228903-49,TMT,01/12/2022
57474-01,SaaS,01/12/2022
343034-20,FinTech,01/12/2022
267672-25,SaaS,01/12/2022
265140-01,FinTech,01/12/2022
168211-63,Mobile,01/12/2022
470485-63,Artificial Intelligence & Machine Learning,01/12/2022
171561-25,LOHAS & Wellness,01/12/2022
93771-28,TMT,01/12/2022
234558-01,Digital Health,01/12/2022
171669-43,Industrials,01/12/2022
171669-43,3D Printing,01/12/2022
483491-71,Artificial Intelligence & Machine Learning,01/12/2022
104084-47,Internet of Things,01/12/2022
442968-58,Mobile,01/12/2022
268005-34,SaaS,01/12/2022
343034-20,Mobile Commerce,01/12/2022
54782-47,SaaS,01/12/2022
434188-54,Manufacturing,01/12/2022
59273-38,Cybersecurity,01/12/2022
470485-63,SaaS,01/12/2022
148754-80,TMT,01/12/2022
186073-66,Climate Tech,01/12/2022
228697-48,Digital Health,01/12/2022
166675-96,SaaS,01/12/2022
114106-42,HealthTech,01/12/2022
231993-10,CloudTech & DevOps,01/12/2022
161817-76,CleanTech,01/12/2022
155608-48,TMT,01/12/2022
463437-73,SaaS,01/12/2022
153443-89,SaaS,01/12/2022
221670-91,Artificial Intelligence & Machine Learning,01/12/2022
62090-74,TMT,01/12/2022
121184-20,TMT,01/12/2022
435804-13,Manufacturing,01/12/2022
155069-47,Life Sciences,01/12/2022
443012-59,Artificial Intelligence & Machine Learning,01/12/2022
170357-32,Oncology,01/12/2022
128454-76,HealthTech,01/12/2022
180925-39,FinTech,01/12/2022
226339-66,TMT,01/12/2022
55401-40,TMT,01/12/2022
153443-89,Robotics and Drones,01/12/2022
54473-86,B2B Payments,01/12/2022
181212-22,Big Data,01/12/2022
160953-85,Mobile,01/12/2022
164350-90,FinTech,01/12/2022
431251-75,HR Tech,01/12/2022
228311-20,E-Commerce,01/12/2022
54678-07,Mobile,01/12/2022
163727-74,Big Data,01/12/2022
49063-96,Mobile,01/12/2022
64800-91,HealthTech,01/12/2022
468040-33,Cryptocurrency/Blockchain,01/12/2022
103447-99,FoodTech,01/12/2022
470636-11,E-Commerce,01/12/2022
442205-38,Real Estate Technology,01/12/2022
222636-16,AdTech,01/12/2022
231830-56,FinTech,01/12/2022
265401-10,Mobile,01/12/2022
228802-87,Cybersecurity,01/12/2022
55455-49,SaaS,01/12/2022
227313-28,CleanTech,01/12/2022
103045-51,Cybersecurity,01/12/2022
163535-95,Digital Health,01/12/2022
161348-32,SaaS,01/12/2022
53903-17,Artificial Intelligence & Machine Learning,01/12/2022
228555-73,Artificial Intelligence & Machine Learning,01/12/2022
55767-16,TMT,01/12/2022
121650-31,TMT,01/12/2022
481690-72,InsurTech,01/12/2022
113356-81,Manufacturing,01/12/2022
93161-17,CleanTech,01/12/2022
466593-49,Artificial Intelligence & Machine Learning,01/12/2022
101710-18,TMT,01/12/2022
118037-26,SaaS,01/12/2022
55401-40,FinTech,01/12/2022
229973-59,TMT,01/12/2022
174283-12,Big Data,01/12/2022
229973-59,Cryptocurrency/Blockchain,01/12/2022
433871-47,Life Sciences,01/12/2022
104389-03,EdTech,01/12/2022
178355-08,CleanTech,01/12/2022
183118-51,TMT,01/12/2022
466470-01,SaaS,01/12/2022
340786-63,HealthTech,01/12/2022
163727-74,Artificial Intelligence & Machine Learning,01/12/2022
54374-32,TMT,01/12/2022
85438-00,Big Data,01/12/2022
98378-65,Artificial Intelligence & Machine Learning,01/12/2022
224326-90,Artificial Intelligence & Machine Learning,01/12/2022
332221-78,CloudTech & DevOps,01/12/2022
171572-86,TMT,01/12/2022
85356-91,TMT,01/12/2022
120374-29,Mobile,01/12/2022
170712-10,TMT,01/12/2022
57238-48,Oil & Gas,01/12/2022
51396-22,Gaming,01/12/2022
161539-12,Artificial Intelligence & Machine Learning,01/12/2022
55286-47,Mobile,01/12/2022
462086-65,Big Data,01/12/2022
466822-18,SaaS,01/12/2022
224545-06,SaaS,01/12/2022
107633-98,Climate Tech,01/12/2022
268005-34,Cybersecurity,01/12/2022
63693-37,Mobile Commerce,01/12/2022
186690-52,Life Sciences,01/12/2022
482124-34,FinTech,01/12/2022
439403-23,FinTech,01/12/2022
55286-47,TMT,01/12/2022
98378-65,LOHAS & Wellness,01/12/2022
342009-46,E-Commerce,01/12/2022
481404-79,HealthTech,01/12/2022
229212-46,E-Commerce,01/12/2022
399659-59,Manufacturing,01/12/2022
162754-03,SaaS,01/12/2022
55399-51,Life Sciences,01/12/2022
181403-11,CleanTech,01/12/2022
185065-21,TMT,01/12/2022
465640-57,Gaming,01/12/2022
131241-61,TMT,01/12/2022
98895-34,LOHAS & Wellness,01/12/2022
59974-75,SaaS,01/12/2022
54107-11,SaaS,01/12/2022
483693-76,Artificial Intelligence & Machine Learning,01/12/2022
85889-53,Robotics and Drones,01/12/2022
155048-68,Mobile,01/12/2022
51452-29,TMT,01/12/2022
54871-39,E-Commerce,01/12/2022
173307-70,FoodTech,01/12/2022
51606-82,AdTech,01/12/2022
294486-31,Oncology,01/12/2022
56303-65,Climate Tech,01/12/2022
222110-11,Cryptocurrency/Blockchain,01/12/2022
54473-86,FinTech,01/12/2022
467870-23,Construction Technology,01/12/2022
52260-85,Mobile,01/12/2022
466681-60,Mobile,01/12/2022
439025-23,HR Tech,01/12/2022
179323-30,TMT,01/12/2022
180009-10,Marketing Tech,01/12/2022
436705-93,FoodTech,01/12/2022
127752-49,HealthTech,01/12/2022
55882-36,Big Data,01/12/2022
55364-23,Mobile,01/12/2022
170357-32,TMT,01/12/2022
87645-52,TMT,01/12/2022
99447-49,Gaming,01/12/2022
103159-27,AdTech,01/12/2022
432687-52,Life Sciences,01/12/2022
228697-48,Life Sciences,01/12/2022
65692-18,Oncology,01/12/2022
431208-28,Big Data,01/12/2022
465979-33,Big Data,01/12/2022
178460-74,Artificial Intelligence & Machine Learning,01/12/2022
168691-24,Life Sciences,01/12/2022
61657-93,Climate Tech,01/12/2022
52537-87,Mobility Tech,01/12/2022
161973-19,Mobile Commerce,01/12/2022
180107-92,HR Tech,01/12/2022
225669-61,Artificial Intelligence & Machine Learning,01/12/2022
65351-53,FinTech,01/12/2022
104003-65,Mobile,01/12/2022
65249-74,Real Estate Technology,01/12/2022
92781-19,SaaS,01/12/2022
104186-71,TMT,01/12/2022
54211-87,HealthTech,01/12/2022
399549-25,Oncology,01/12/2022
121588-03,E-Commerce,01/12/2022
89565-67,Wearables & Quantified Self,01/12/2022
99747-28,SaaS,01/12/2022
58278-43,SaaS,01/12/2022
57940-66,AgTech,01/12/2022
97437-16,Mobility Tech,01/12/2022
56329-93,TMT,01/12/2022
431552-98,Gaming,01/12/2022
55353-34,EdTech,01/12/2022
232135-12,Marketing Tech,01/12/2022
185987-80,InsurTech,01/12/2022
434315-53,EdTech,01/12/2022
277188-94,HealthTech,01/12/2022
52816-87,Mobile Commerce,01/12/2022
118037-26,Cybersecurity,01/12/2022
267646-06,Marketing Tech,01/12/2022
463291-93,CloudTech & DevOps,01/12/2022
157321-36,Industrials,01/12/2022
161539-12,SaaS,01/12/2022
112027-33,TMT,01/12/2022
296253-19,Cybersecurity,01/12/2022
62315-56,SaaS,01/12/2022
157413-34,Real Estate Technology,01/12/2022
171581-59,HealthTech,01/12/2022
226069-30,SaaS,01/12/2022
112110-13,TMT,01/12/2022
436497-58,Real Estate Technology,01/12/2022
163154-17,Mobility Tech,01/12/2022
58997-44,SaaS,01/12/2022
438612-94,Life Sciences,01/12/2022
84696-04,HealthTech,01/12/2022
265525-21,eSports,01/12/2022
52639-39,Industrials,01/12/2022
432994-15,Artificial Intelligence & Machine Learning,01/12/2022
223869-34,Life Sciences,01/12/2022
187463-71,TMT,01/12/2022
84218-23,TMT,01/12/2022
58354-39,SaaS,01/12/2022
55448-29,Manufacturing,01/12/2022
162306-37,Wearables & Quantified Self,01/12/2022
279571-24,Artificial Intelligence & Machine Learning,01/12/2022
454254-94,Manufacturing,01/12/2022
222993-10,E-Commerce,01/12/2022
463097-44,SaaS,01/12/2022
82792-81,SaaS,01/12/2022
55377-73,HealthTech,01/12/2022
266928-85,Big Data,01/12/2022
56442-43,TMT,01/12/2022
51119-56,Marketing Tech,01/12/2022
343396-54,LOHAS & Wellness,01/12/2022
185202-19,Artificial Intelligence & Machine Learning,01/12/2022
60683-68,FinTech,01/12/2022
338706-37,Space Technology,01/12/2022
119766-97,SaaS,01/12/2022
54374-32,E-Commerce,01/12/2022
159062-05,Climate Tech,01/12/2022
462065-23,FinTech,01/12/2022
266594-50,SaaS,01/12/2022
183145-60,TMT,01/12/2022
160960-33,CloudTech & DevOps,01/12/2022
107635-69,Life Sciences,01/12/2022
230391-64,Big Data,01/12/2022
91435-06,TMT,01/12/2022
266258-80,FinTech,01/12/2022
58451-50,LOHAS & Wellness,01/12/2022
101900-08,Artificial Intelligence & Machine Learning,01/12/2022
130387-51,SaaS,01/12/2022
113144-59,Climate Tech,01/12/2022
152587-63,Digital Health,01/12/2022
56355-67,TMT,01/12/2022
232179-40,EdTech,01/12/2022
51224-41,Climate Tech,01/12/2022
63291-70,HealthTech,01/12/2022
224545-06,Big Data,01/12/2022
184216-96,Mobile,01/12/2022
104186-71,Gaming,01/12/2022
63691-48,TMT,01/12/2022
54782-29,B2B Payments,01/12/2022
435554-29,AdTech,01/12/2022
231906-61,Artificial Intelligence & Machine Learning,01/12/2022
156385-90,TMT,01/12/2022
169864-30,Big Data,01/12/2022
163727-74,SaaS,01/12/2022
178460-74,FinTech,01/12/2022
118626-40,LOHAS & Wellness,01/12/2022
170195-23,Supply Chain Tech,01/12/2022
179323-30,EdTech,01/12/2022
442205-38,FinTech,01/12/2022
222957-01,TMT,01/12/2022
55939-51,SaaS,01/12/2022
65007-55,Big Data,01/12/2022
481411-81,FinTech,01/12/2022
459226-27,HealthTech,01/12/2022
54107-11,TMT,01/12/2022
103949-02,EdTech,01/12/2022
226606-33,E-Commerce,01/12/2022
124316-11,Robotics and Drones,01/12/2022
60515-65,SaaS,01/12/2022
437403-52,Artificial Intelligence & Machine Learning,01/12/2022
155608-48,LOHAS & Wellness,01/12/2022
101984-86,TMT,01/12/2022
264802-69,InsurTech,01/12/2022
64736-56,Oncology,01/12/2022
51540-94,Cybersecurity,01/12/2022
228399-67,HealthTech,01/12/2022
54700-03,EdTech,01/12/2022
107633-98,Supply Chain Tech,01/12/2022
233977-60,Artificial Intelligence & Machine Learning,01/12/2022
58485-79,Augmented Reality,01/12/2022
120374-29,Industrials,01/12/2022
231286-24,Life Sciences,01/12/2022
135056-62,TMT,01/12/2022
56005-84,SaaS,01/12/2022
103383-01,Real Estate Technology,01/12/2022
87645-52,Mobile,01/12/2022
53939-98,Marketing Tech,01/12/2022
56524-51,HealthTech,01/12/2022
178355-08,Ridesharing,01/12/2022
54196-48,Manufacturing,01/12/2022
221982-22,E-Commerce,01/12/2022
101900-08,Restaurant Technology,01/12/2022
60290-02,SaaS,01/12/2022
56923-12,Mobile,01/12/2022
155818-45,Life Sciences,01/12/2022
339828-22,AgTech,01/12/2022
303589-90,HealthTech,01/12/2022
107634-25,CleanTech,01/12/2022
228139-57,TMT,01/12/2022
437651-02,Mobile Commerce,01/12/2022
432832-87,Mobile,01/12/2022
54891-37,Mobile,01/12/2022
221799-16,Artificial Intelligence & Machine Learning,01/12/2022
183032-02,Artificial Intelligence & Machine Learning,01/12/2022
222636-16,TMT,01/12/2022
442632-97,Life Sciences,01/12/2022
266258-80,HR Tech,01/12/2022
58354-39,TMT,01/12/2022
432999-10,TMT,01/12/2022
61568-20,LOHAS & Wellness,01/12/2022
432994-15,AgTech,01/12/2022
167599-00,Industrials,01/12/2022
265155-40,FinTech,01/12/2022
104084-47,TMT,01/12/2022
442565-92,Oil & Gas,01/12/2022
343034-20,Mobile,01/12/2022
164234-62,Oncology,01/12/2022
64800-91,SaaS,01/12/2022
435554-29,Marketing Tech,01/12/2022
229812-76,TMT,01/12/2022
181212-22,Mobile,01/12/2022
435804-13,FoodTech,01/12/2022
465513-13,Oncology,01/12/2022
54329-86,E-Commerce,01/12/2022
481848-67,E-Commerce,01/12/2022
65692-18,Life Sciences,01/12/2022
63351-28,TMT,01/12/2022
113358-16,Virtual Reality,01/12/2022
222161-32,Big Data,01/12/2022
223823-44,Supply Chain Tech,01/12/2022
169816-78,SaaS,01/12/2022
55286-47,AdTech,01/12/2022
187926-04,TMT,01/12/2022
169816-78,HealthTech,01/12/2022
56845-00,TMT,01/12/2022
57023-65,SaaS,01/12/2022
101900-08,SaaS,01/12/2022
436497-58,SaaS,01/12/2022
184517-74,Artificial Intelligence & Machine Learning,01/12/2022
433654-12,Oncology,01/12/2022
233543-98,Mobile,01/12/2022
121699-99,TMT,01/12/2022
267300-64,LOHAS & Wellness,01/12/2022
55605-88,Virtual Reality,01/12/2022
183385-00,Artificial Intelligence & Machine Learning,01/12/2022
57023-65,AgTech,01/12/2022
225864-64,Manufacturing,01/12/2022
183032-02,AgTech,01/12/2022
221418-64,CleanTech,01/12/2022
181998-55,Augmented Reality,01/12/2022
186061-06,Big Data,01/12/2022
98155-00,TMT,01/12/2022
150350-77,Mobile,01/12/2022
162953-02,Cybersecurity,01/12/2022
178844-77,Beauty,01/12/2022
55448-29,CleanTech,01/12/2022
467045-02,Life Sciences,01/12/2022
52816-87,FinTech,01/12/2022
432994-15,Big Data,01/12/2022
183962-26,TMT,01/12/2022
277501-42,Big Data,01/12/2022
234558-01,HealthTech,01/12/2022
118626-40,E-Commerce,01/12/2022
432994-15,CloudTech & DevOps,01/12/2022
435408-49,Artificial Intelligence & Machine Learning,01/12/2022
58390-48,Mobile,01/12/2022
120655-27,HealthTech,01/12/2022
181330-21,InsurTech,01/12/2022
234223-66,Mobile,01/12/2022
180009-10,Mobile,01/12/2022
57270-16,SaaS,01/12/2022
339792-40,HealthTech,01/12/2022
232118-56,SaaS,01/12/2022
123234-31,AgTech,01/12/2022
51006-43,Mobile,01/12/2022
267844-60,Artificial Intelligence & Machine Learning,01/12/2022
98434-00,HR Tech,01/12/2022
224373-43,TMT,01/12/2022
180405-73,HealthTech,01/12/2022
343331-92,CloudTech & DevOps,01/12/2022
166980-88,Marketing Tech,01/12/2022
60515-65,Marketing Tech,01/12/2022
232179-40,TMT,01/12/2022
442968-58,SaaS,01/12/2022
439128-37,Artificial Intelligence & Machine Learning,01/12/2022
56442-43,CleanTech,01/12/2022
431721-01,LOHAS & Wellness,01/12/2022
55605-88,Augmented Reality,01/12/2022
103962-25,TMT,01/12/2022
60739-75,TMT,01/12/2022
226296-37,E-Commerce,01/12/2022
53526-34,HealthTech,01/12/2022
81943-03,Internet of Things,01/12/2022
58367-53,Mobile,01/12/2022
235957-69,eSports,01/12/2022
225864-64,CleanTech,01/12/2022
266928-85,Artificial Intelligence & Machine Learning,01/12/2022
64520-11,Supply Chain Tech,01/12/2022
55362-16,TMT,01/12/2022
266508-19,SaaS,01/12/2022
224304-04,Augmented Reality,01/12/2022
107633-98,AgTech,01/12/2022
226919-53,E-Commerce,01/12/2022
170195-23,TMT,01/12/2022
108952-48,CloudTech & DevOps,01/12/2022
224373-43,Marketing Tech,01/12/2022
181212-22,SaaS,01/12/2022
183962-26,Mobile,01/12/2022
166325-05,SaaS,01/12/2022
180107-92,SaaS,01/12/2022
118655-29,Augmented Reality,01/12/2022
436646-44,B2B Payments,01/12/2022
185800-24,Mobile,01/12/2022
483693-76,SaaS,01/12/2022
123234-31,Manufacturing,01/12/2022
178486-21,LOHAS & Wellness,01/12/2022
92781-19,CleanTech,01/12/2022
120655-27,TMT,01/12/2022
135359-92,FoodTech,01/12/2022
268162-75,SaaS,01/12/2022
230391-64,SaaS,01/12/2022
267646-06,Robotics and Drones,01/12/2022
225669-61,Life Sciences,01/12/2022
56265-94,SaaS,01/12/2022
55364-23,TMT,01/12/2022
279960-40,FinTech,01/12/2022
265140-01,Cryptocurrency/Blockchain,01/12/2022
93161-17,LOHAS & Wellness,01/12/2022
279805-51,FinTech,01/12/2022
170810-92,AgTech,01/12/2022
58421-98,Augmented Reality,01/12/2022
234930-61,SaaS,01/12/2022
233512-84,Artificial Intelligence & Machine Learning,01/12/2022
267672-25,Artificial Intelligence & Machine Learning,01/12/2022
107239-87,Artificial Intelligence & Machine Learning,01/12/2022
56050-48,Mobile,01/12/2022
226339-66,Internet of Things,01/12/2022
94853-17,LOHAS & Wellness,01/12/2022
164234-62,Big Data,01/12/2022
111018-79,SaaS,01/12/2022
149379-94,SaaS,01/12/2022
151470-37,TMT,01/12/2022
135359-92,Mobile,01/12/2022
126186-94,Digital Health,01/12/2022
466470-01,FinTech,01/12/2022
52260-85,B2B Payments,01/12/2022
135335-89,SaaS,01/12/2022
148388-68,Mobile,01/12/2022
468040-33,FinTech,01/12/2022
85463-11,Mobile,01/12/2022
126138-16,Industrials,01/12/2022
268023-61,Life Sciences,01/12/2022
399636-64,Mobile,01/12/2022
223908-04,FoodTech,01/12/2022
99447-49,SaaS,01/12/2022
52649-65,TMT,01/12/2022
171572-86,Augmented Reality,01/12/2022
149316-31,Mobile,01/12/2022
163727-74,Mobile,01/12/2022
453450-61,E-Commerce,01/12/2022
462991-42,Artificial Intelligence & Machine Learning,01/12/2022
460072-45,EdTech,01/12/2022
57265-66,Ephemeral Content,01/12/2022
149195-89,Manufacturing,01/12/2022
179288-02,SaaS,01/12/2022
432994-15,Supply Chain Tech,01/12/2022
173989-18,Artificial Intelligence & Machine Learning,01/12/2022
91435-06,Big Data,01/12/2022
172422-91,TMT,01/12/2022
166438-45,Supply Chain Tech,01/12/2022
92781-19,TMT,01/12/2022
175317-22,Big Data,01/12/2022
436098-07,LOHAS & Wellness,01/12/2022
231906-61,SaaS,01/12/2022
230759-74,Cybersecurity,01/12/2022
277560-01,Artificial Intelligence & Machine Learning,01/12/2022
224048-35,Cannabis,01/12/2022
103159-27,TMT,01/12/2022
279752-95,Big Data,01/12/2022
434586-70,Life Sciences,01/12/2022
111337-48,Industrials,01/12/2022
54473-86,TMT,01/12/2022
155048-68,InsurTech,01/12/2022
60633-19,TMT,01/12/2022
150076-09,Artificial Intelligence & Machine Learning,01/12/2022
61617-16,SaaS,01/12/2022
436601-80,TMT,01/12/2022
223425-46,LOHAS & Wellness,01/12/2022
151158-07,Climate Tech,01/12/2022
221799-16,Big Data,01/12/2022
233514-55,FoodTech,01/12/2022
97267-96,Mobile,01/12/2022
277597-36,Artificial Intelligence & Machine Learning,01/12/2022
119491-84,SaaS,01/12/2022
121699-99,CloudTech & DevOps,01/12/2022
170195-23,AgTech,01/12/2022
221418-64,LOHAS & Wellness,01/12/2022
470485-63,Cryptocurrency/Blockchain,01/12/2022
225864-64,E-Commerce,01/12/2022
91796-05,E-Commerce,01/12/2022
182220-31,TMT,01/12/2022
63351-28,Mobile Commerce,01/12/2022
233769-97,HealthTech,01/12/2022
56442-43,Industrials,01/12/2022
287844-40,Beauty,01/12/2022
52649-65,HealthTech,01/12/2022
433618-48,Cybersecurity,01/12/2022
63994-60,TMT,01/12/2022
183032-02,Robotics and Drones,01/12/2022
171405-91,HealthTech,01/12/2022
55605-88,Wearables & Quantified Self,01/12/2022
158482-45,Mobile,01/12/2022
225239-50,TMT,01/12/2022
234086-23,Mobile,01/12/2022
159062-05,Construction Technology,01/12/2022
339828-22,Supply Chain Tech,01/12/2022
115015-42,SaaS,01/12/2022
469300-42,Real Estate Technology,01/12/2022
267407-56,Life Sciences,01/12/2022
431642-35,LOHAS & Wellness,01/12/2022
57256-93,TMT,01/12/2022
57238-48,Manufacturing,01/12/2022
454570-93,Gaming,01/12/2022
264364-39,Life Sciences,01/12/2022
431552-98,Mobile,01/12/2022
464073-13,Artificial Intelligence & Machine Learning,01/12/2022
85463-11,TMT,01/12/2022
223375-60,Marketing Tech,01/12/2022
277501-42,Virtual Reality,01/12/2022
64128-97,SaaS,01/12/2022
469273-96,Cybersecurity,01/12/2022
183145-60,InsurTech,01/12/2022
56329-93,Internet of Things,01/12/2022
97127-65,SaaS,01/12/2022
170810-92,SaaS,01/12/2022
459566-92,Digital Health,01/12/2022
162754-03,TMT,01/12/2022
180405-73,SaaS,01/12/2022
266431-15,Supply Chain Tech,01/12/2022
84996-19,LOHAS & Wellness,01/12/2022
63064-63,E-Commerce,01/12/2022
343396-54,E-Commerce,01/12/2022
55362-16,Digital Health,01/12/2022
54782-29,Mobile,01/12/2022
149007-34,Manufacturing,01/12/2022
108952-48,SaaS,01/12/2022
264995-74,Supply Chain Tech,01/12/2022
224326-90,TMT,01/12/2022
98155-27,HealthTech,01/12/2022
439037-29,SaaS,01/12/2022
159065-02,Big Data,01/12/2022
466201-81,Mobile,01/12/2022
110112-94,TMT,01/12/2022
183032-02,Supply Chain Tech,01/12/2022
266739-13,E-Commerce,01/12/2022
222636-16,E-Commerce,01/12/2022
232143-94,Mobility Tech,01/12/2022
