CompanyID,AffiliateID,AffiliateName,Industry,Location,YearFounded,AffiliateType,LastUpdated
54700-03,112159-45,Kahoot!,Educational Software,"Oslo, Norway",2012,Parent,01/12/2022
436432-15,436440-88,MissionGO,Acquirer,,,Parent,01/12/2022
61728-58,124167-07,International Broadband Electric Communications,Acquirer,,,Parent,01/12/2022
104186-71,167607-10,aXiomatic,Private Equity,"Los Angeles, CA",2015,Parent,01/12/2022
339804-37,96842-80,Three Six Zero,Acquirer,,2007,Parent,01/12/2022
51586-57,483540-49,WPScan,Network Management Software,"Urrugne, France",2011,Subsidiary,01/12/2022
97913-89,54236-26,N-Dimension Solutions,Network Management Software,"Richmond Hill, Canada",2001,Subsidiary,01/12/2022
57523-60,60048-46,Nutonian,Application Software,"Boston, MA",2011,Subsidiary,01/12/2022
113971-33,13291-39,EmergingMed,Information Services (B2C),"Durham, NC",2000,Subsidiary,01/12/2022
53712-19,41156-65,Mips Technologies,General Purpose Semiconductors,"Campbell, CA",1984,Subsidiary,01/12/2022
103159-27,482068-63,Young Bright and Grey,Media and Information Services (B2B),"Manchester, United Kingdom",2020,Subsidiary,01/12/2022
169067-89,54765-91,Seedrs,Other Financial Services,"London, United Kingdom",2009,Subsidiary,01/12/2022
266344-84,481247-92,SafeRest,Household Products,"Walpole, MA",2010,Subsidiary,01/12/2022
51586-57,54870-04,Atavist,Multimedia and Design Software,NY,2011,Subsidiary,01/12/2022
178355-08,55286-65,Boosted USA,Recreational Goods,"San Rafael, CA",2012,Subsidiary,01/12/2022
59273-38,56309-23,Kloudless,Business/Productivity Software,"Berkeley, CA",2011,Subsidiary,01/12/2022
51006-43,60712-12,Secucloud,Network Management Software,"Hamburg, Germany",2013,Subsidiary,01/12/2022
54782-29,60767-65,Playground Energy,Recreational Goods,"Sofia, Bulgaria",,Subsidiary,01/12/2022
56845-00,483714-28,Wazimo,IT Consulting and Outsourcing,"Tel Aviv-Yafo, Israel",2015,Subsidiary,01/12/2022
57238-48,489911-32,Innoleo,Distributors/Wholesale,"Macedonia, OH",2011,Subsidiary,01/12/2022
226588-15,482002-12,Tessellation,Consulting Services (B2B),"Minneapolis, MN",2018,Subsidiary,01/12/2022
266344-84,482263-03,Vybe Percussion,Personal Products,"Walpole, MA",,Subsidiary,01/12/2022
57987-28,489820-06,TVG,IT Consulting and Outsourcing,"Riga, Latvia",2001,Subsidiary,01/12/2022
54782-29,489440-35,Rally Interactive,IT Consulting and Outsourcing,"Salt Lake City, UT",2010,Subsidiary,01/12/2022
167599-00,51022-18,PopSugar,Publishing,"San Francisco, CA",2006,Subsidiary,01/12/2022
112950-64,52110-19,Reed & Mackay,"Other Restaurants, Hotels and Leisure","London, United Kingdom",1962,Subsidiary,01/12/2022
314489-53,52827-85,Numerate,Discovery Tools (Healthcare),"San Francisco, CA",2007,Subsidiary,01/12/2022
97913-89,55987-12,SigmaFlow,Business/Productivity Software,"Frisco, TX",2001,Subsidiary,01/12/2022
56845-00,56306-71,Big Lead Sports,Publishing,,2006,Subsidiary,01/12/2022
54782-29,52998-94,RethinkDB,Database Software,"Mountain View, CA",2009,Subsidiary,01/12/2022
101715-85,54489-43,BinWise,Business/Productivity Software,"San Francisco, CA",2007,Subsidiary,01/12/2022
104504-05,483717-61,RailsData Software,,"Chennai, India",2012,Subsidiary,01/12/2022
338706-37,55225-99,NanoRacks,Aerospace and Defense,"Webster, TX",2009,Subsidiary,01/12/2022
167599-00,56108-26,NowThis Media,Media and Information Services (B2B),"New York, NY",2012,Subsidiary,01/12/2022
54782-29,61929-28,TaxJar,Financial Software,"Woburn, MA",2012,Subsidiary,01/12/2022
51586-57,66404-71,blo.gs,Communication Software,"California, MD",2001,Subsidiary,01/12/2022
225695-62,54175-69,Privy,Business/Productivity Software,"Boston, MA",2010,Subsidiary,01/12/2022
52537-87,55337-05,ParkMe,Information Services (B2C),"Santa Monica, CA",2009,Subsidiary,01/12/2022
178355-08,56809-72,Jump,Electronics (B2C),"New York, NY",2008,Subsidiary,01/12/2022
114079-78,65234-17,Sports.com,Information Services (B2C),"London, United Kingdom",1999,Subsidiary,01/12/2022
266344-84,56283-31,Power Practical,Alternative Energy Equipment,"Salt Lake City, UT",2011,Subsidiary,01/12/2022
162754-03,57779-74,Fite,Entertainment Software,"Uniondale, NY",2010,Subsidiary,01/12/2022
340786-63,56386-09,Lanier Biotherapeutics,Drug Discovery,"Bogart, GA",2000,Subsidiary,01/12/2022
57523-60,65436-40,Algorithmia,Business/Productivity Software,"Seattle, WA",2013,Subsidiary,01/12/2022
54782-29,60335-83,Index,Business/Productivity Software,"San Francisco, CA",2012,Subsidiary,01/12/2022
51586-57,62333-56,Longreads,Entertainment Software,"New York, NY",2009,Subsidiary,01/12/2022
167599-00,59947-21,The Dodo,Information Services (B2C),"New York, NY",2013,Subsidiary,01/12/2022
51586-57,61007-50,Pressable,Systems and Information Management,"San Antonio, TX",2010,Subsidiary,01/12/2022
51586-57,51269-95,Tumblr,Social/Platform Software,"New York, NY",2007,Subsidiary,01/12/2022
52833-61,54908-56,FabKids,Clothing,"San Francisco, CA",,Subsidiary,01/12/2022
279602-02,55516-06,Scratch Wireless,Wireless Service Providers,"Cambridge, MA",2012,Subsidiary,01/12/2022
162754-03,55959-67,Thuzio,Media and Information Services (B2B),"New York, NY",2012,Subsidiary,01/12/2022
58085-83,88772-23,RateGenius,Other Financial Services,"Austin, TX",1999,Subsidiary,01/12/2022
163154-17,433941-13,Scale Nucleus,Database Software,"Berlin, Germany",2019,Subsidiary,01/12/2022
166325-05,433974-07,Planetly,Business/Productivity Software,"Berlin, Germany",2019,Subsidiary,01/12/2022
51586-57,87257-17,Lean Domain Search,Other Software,"Boston, MA",2012,Subsidiary,01/12/2022
57056-23,433108-45,Rocos,Business/Productivity Software,"Auckland, New Zealand",2017,Subsidiary,01/12/2022
57523-60,435131-47,Decision AI,Business/Productivity Software,"Boulder, CO",2020,Subsidiary,01/12/2022
53575-12,434793-79,totemo,Network Management Software,"Zurich, Switzerland",2001,Subsidiary,01/12/2022
51586-57,51519-16,Parse.ly,Business/Productivity Software,"Beaverton, OR",2009,Subsidiary,01/12/2022
140932-00,92314-81,Smarter Travel Media,Information Services (B2C),"Boston, MA",1998,Subsidiary,01/12/2022
101710-18,57324-25,Breather,Buildings and Property,"Montreal, Canada",2012,Subsidiary,01/12/2022
55362-16,55137-34,Predilytics,Enterprise Systems (Healthcare),"Burlington, MA",2011,Subsidiary,01/12/2022
57523-60,55616-41,Paxata,Business/Productivity Software,"Redwood City, CA",2012,Subsidiary,01/12/2022
166325-05,56024-11,Convercent,Business/Productivity Software,"Denver, CO",2012,Subsidiary,01/12/2022
60349-96,222223-42,Maguire & Fish,Human Capital Services,"San Francisco, CA",2015,Subsidiary,01/12/2022
101984-86,222307-03,Mayhem,Entertainment Software,"San Francisco, CA",2017,Subsidiary,01/12/2022
264980-08,438446-08,Together Senior Health,Other Healthcare Technology Systems,"San Francisco, CA",2018,Subsidiary,01/12/2022
338706-37,436985-83,Pioneer Astronautics,Aerospace and Defense,"Lakewood, CO",1996,Subsidiary,01/12/2022
51119-56,171551-62,Addy (Media and Information Services),Media and Information Services (B2B),"New York, NY",2014,Subsidiary,01/12/2022
51586-57,176799-43,Frontity,Software Development Applications,"Madrid, Spain",2014,Subsidiary,01/12/2022
54782-29,107627-95,Payable,Business/Productivity Software,"San Francisco, CA",2013,Subsidiary,01/12/2022
162754-03,437190-58,Halogen Networks,Other Media,"Winter Park, FL",2017,Subsidiary,01/12/2022
55362-16,438531-31,Mindbloom (Clinics/Outpatient Services),Clinics/Outpatient Services,"New York, NY",2007,Subsidiary,01/12/2022
52639-39,112616-92,Rockwood Accounting Services Group,"Accounting, Audit and Tax Services (B2B)","Waltham, MA",,Subsidiary,01/12/2022
64834-93,228948-49,Binisoft,Network Management Software,"Cluj-Napoca, Romania",2010,Subsidiary,01/12/2022
166325-05,142366-87,DataGuidance,Legal Services (B2B),"London, United Kingdom",2007,Subsidiary,01/12/2022
53346-43,148844-53,Regal Software,Financial Software,"Alpharetta, GA",2008,Subsidiary,01/12/2022
101984-86,433402-66,Hoss (IT Consulting and Outsourcing),IT Consulting and Outsourcing,"San Francisco, CA",2019,Subsidiary,01/12/2022
135335-89,229316-86,Outlaw,Legal Services (B2B),"New York, NY",2017,Subsidiary,01/12/2022
103383-01,167805-10,Office App,Other Commercial Services,"Amsterdam, Netherlands",2014,Subsidiary,01/12/2022
166325-05,158754-79,Integris Software,Network Management Software,"Seattle, WA",2016,Subsidiary,01/12/2022
54782-29,166354-48,Runkit,Application Software,"San Francisco, CA",2014,Subsidiary,01/12/2022
53903-17,180642-97,Growlabs,Business/Productivity Software,"San Francisco, CA",2016,Subsidiary,01/12/2022
53346-43,142833-79,Inspyrus,Financial Software,"Redwood City, CA",2007,Subsidiary,01/12/2022
107666-29,226494-10,Blockrize,Other Financial Services,"San Francisco, CA",2018,Subsidiary,01/12/2022
101710-18,166012-21,Techspace (Rebranded),Other Commercial Services,"Aliso Viejo, CA",1997,Subsidiary,01/12/2022
52649-65,138009-70,CardioLabs,Clinics/Outpatient Services,"Franklin, TN",1995,Subsidiary,01/12/2022
170195-23,236944-90,Nirveda Cognition,Business/Productivity Software,"Costa Mesa, CA",2017,Subsidiary,01/12/2022
58354-39,165965-23,Uncanny Vision,Business/Productivity Software,"Bengaluru, India",2011,Subsidiary,01/12/2022
223414-39,183409-93,BudTender,Media and Information Services (B2B),"Toronto, Canada",2016,Subsidiary,01/12/2022
432832-87,178126-39,Edwin (Educational Software),Educational Software,"San Francisco, CA",2016,Subsidiary,01/12/2022
59273-38,110723-14,Sift Security,IT Consulting and Outsourcing,"Menlo Park, CA",2014,Subsidiary,01/12/2022
56374-48,136467-55,HVR Software,Business/Productivity Software,"San Francisco, CA",2012,Subsidiary,01/12/2022
54700-03,60041-08,Actimo,Business/Productivity Software,"Copenhagen, Denmark",2010,Sister,01/12/2022
226402-66,233137-27,NanoAl,"Other Metals, Minerals and Mining","Skokie, IL",2013,Subsidiary,01/12/2022
53317-00,117899-47,Ulyngo,Media and Information Services (B2B),"San Francisco, CA",2015,Subsidiary,01/12/2022
52180-93,467925-31,Platformer Cloud,Business/Productivity Software,"Melbourne, Australia",2015,Subsidiary,01/12/2022
166325-05,325146-34,Shared Assessments,IT Consulting and Outsourcing,"Santa Fe, NM",2005,Subsidiary,01/12/2022
266344-84,455370-40,Maximo Fitness,Other Consumer Durables,"London, United Kingdom",2015,Subsidiary,01/12/2022
51119-56,64000-45,NimbusBase,Application Software,"New York, NY",2012,Subsidiary,01/12/2022
340786-63,433524-88,deepCDR,Discovery Tools (Healthcare),"Basel, Switzerland",2018,Subsidiary,01/12/2022
54700-03,102606-49,Drops(Educational Software),Educational Software,"Tallinn, Estonia",2012,Sister,01/12/2022
135335-89,434004-58,Lead Docket,Business/Productivity Software,"Morgantown, WV",2014,Subsidiary,01/12/2022
121699-99,466092-28,FossID,Application Software,"Stockholm, Sweden",2016,Subsidiary,01/12/2022
107666-29,467645-86,Shard X,Financial Software,"London, United Kingdom",2018,Subsidiary,01/12/2022
53526-34,169751-89,Physera,Application Software,"San Francisco, CA",2015,Subsidiary,01/12/2022
51586-57,327367-99,Bloom Built,Business/Productivity Software,"Lehi, UT",2011,Subsidiary,01/12/2022
169067-89,438612-67,Arora Project,Funding/Crowdfunding Platform,"Miami, FL",2015,Subsidiary,01/12/2022
54700-03,453418-57,Whiteboard.fi,Educational Software,"Pinjainen, Finland",,Sister,01/12/2022
169067-89,171281-71,SheWorx,Other Commercial Services,"New York, NY",,Subsidiary,01/12/2022
51586-57,228342-07,Pocket Casts,Entertainment Software,"New York, NY",2010,Subsidiary,01/12/2022
107666-29,266630-14,Nifty Gateway,Financial Software,"New York, NY",2018,Subsidiary,01/12/2022
54700-03,103252-60,DragonBox,Educational Software,"Oslo, Norway",2012,Sister,01/12/2022
126271-54,153276-04,Trussle,Other Financial Services,"London, United Kingdom",2015,Subsidiary,01/12/2022
163903-69,436431-43,Replica Analytics,Database Software,"Ottawa, Canada",2019,Subsidiary,01/12/2022
156879-10,166478-41,Round Health,Application Software,"San Francisco, CA",2015,Subsidiary,01/12/2022
101984-86,180991-81,Sensible Object,Entertainment Software,"London, United Kingdom",2014,Subsidiary,01/12/2022
183118-51,458643-79,Fusion5 Healthcare Solutions,Enterprise Systems (Healthcare),"Saint Charles, MO",2018,Subsidiary,01/12/2022
266344-84,327397-60,Circadian Optics,Electronics (B2C),"Minneapolis, MN",2016,Subsidiary,01/12/2022
54700-03,179809-21,Poio,Educational Software,"Oslo, Norway",2016,Sister,01/12/2022
62878-78,155181-43,Rylo,Electronics (B2C),"San Francisco, CA",2015,Subsidiary,01/12/2022
112027-33,162694-90,Finrise,Financial Software,"Burlingame, CA",2015,Subsidiary,01/12/2022
166325-05,277390-99,Tugboat Logic,IT Consulting and Outsourcing,"Burlingame, CA",2017,Subsidiary,01/12/2022
268474-42,234366-22,Aperture (Real Estate Services (B2C)),Real Estate Services (B2C),"El Segundo, CA",2016,Subsidiary,01/12/2022
338706-37,108490-78,Altius Space Machines,Aerospace and Defense,"Broomfield, CO",2010,Subsidiary,01/12/2022
64834-93,118536-67,Junkware Removal Tool,Network Management Software,,,Subsidiary,01/12/2022
54700-03,268665-22,Motimate,Educational and Training Services (B2C),"Oslo, Norway",2017,Sister,01/12/2022
121699-99,277472-08,DevSecCon,Educational and Training Services (B2C),"Brentford, United Kingdom",2015,Subsidiary,01/12/2022
60683-68,279853-30,Approve.com,Business/Productivity Software,"Tel Aviv, Israel",2018,Subsidiary,01/12/2022
164234-62,266435-56,AKESOgen,Laboratory Services (Healthcare),"PeachtreeCorners, GA",2010,Subsidiary,01/12/2022
84944-89,171603-46,PhoneWagon,Business/Productivity Software,"New York, NY",2016,Subsidiary,01/12/2022
114079-78,463289-05,Aganar,Entertainment Software,"Mexico City, Mexico",,Subsidiary,01/12/2022
48540-97,96318-10,Medici,Media and Information Services (B2B),"New York, NY",2013,Subsidiary,01/12/2022
51586-57,124023-43,BuddyPress,Software Development Applications,"Vancouver, Canada",2006,Subsidiary,01/12/2022
57081-79,117130-06,EnjoyHQ,Business/Productivity Software,"Los Angeles, CA",2015,Subsidiary,01/12/2022
167915-26,114101-83,Drafted,Human Capital Services,"Boston, MA",2014,Subsidiary,01/12/2022
173307-70,150914-53,Habit,Other Services (B2C Non-Financial),"Oakland, CA",2015,Subsidiary,01/12/2022
56845-00,89446-60,FanSided,Information Services (B2C),"New York, NY",2007,Subsidiary,01/12/2022
51586-57,103801-96,Bubblestorm Management,Application Software,"Cape Town, South Africa",2008,Subsidiary,01/12/2022
126271-54,97243-75,Property Partner,Financial Software,"London, United Kingdom",2014,Subsidiary,01/12/2022
101984-86,227220-94,6D.ai,Software Development Applications,"San Francisco, CA",2017,Subsidiary,01/12/2022
266344-84,128946-61,IdeaStream Consumer Products,Other Consumer Durables,"Cleveland, OH",2001,Subsidiary,01/12/2022
170132-05,458052-22,Granite State Independent Insurance,Insurance Brokers,"Tilton, NH",2017,Subsidiary,01/12/2022
169067-89,263196-91,RenGen Labs,Financial Software,"New York, NY",,Subsidiary,01/12/2022
266344-84,465487-03,VA Relief,Consulting Services (B2B),"Schenectady, NY",2018,Subsidiary,01/12/2022
150350-77,266621-77,A-Frame Ventures,Venture Capital,"Chicago, IL",2018,Subsidiary,01/12/2022
93161-17,458534-08,ELUX Marine,Marine,"Mayer, MN",2018,Subsidiary,01/12/2022
234398-17,265191-40,Peak Medical Technologies,Other Healthcare Technology Systems,"Boise, ID",2013,Subsidiary,01/12/2022
338706-37,453546-37,The Launch Company,Aerospace and Defense,"Anchorage, AK",2015,Subsidiary,01/12/2022
185987-80,390101-41,Aviation Marine Insurance Services,Insurance Brokers,"Sausalito, CA",1976,Subsidiary,01/12/2022
54678-07,107679-34,Funloop,Entertainment Software,"San Mateo, CA",2012,Subsidiary,01/12/2022
266344-84,455227-12,Yardline,Specialized Finance,"New York, NY",2020,Subsidiary,01/12/2022
57987-28,458354-89,Wirehive,Systems and Information Management,"Farnborough, United Kingdom",2005,Subsidiary,01/12/2022
56845-00,102453-40,Mental Floss,Media and Information Services (B2B),"Tampa, FL",2001,Subsidiary,01/12/2022
57987-28,469599-85,Resello,Systems and Information Management,"Zwolle, Netherlands",2013,Subsidiary,01/12/2022
279633-07,327070-00,What Would Virginia Woolf Do?,Social Content,"Brooklyn, NY",2015,Subsidiary,01/12/2022
185987-80,100291-96,ABD Insurance & Financial Services,Commercial/Professional Insurance,"San Mateo, CA",2012,Subsidiary,01/12/2022
121699-99,327397-78,CloudSkiff,Software Development Applications,"Paris, France",2019,Subsidiary,01/12/2022
167599-00,172450-81,Jash,"Broadcasting, Radio and Television","Culver City, CA",2013,Subsidiary,01/12/2022
54782-29,173486-44,Indie Hackers,Other Software,"San Francisco, CA",2016,Subsidiary,01/12/2022
235957-69,232015-51,ProGuides,Educational and Training Services (B2C),"Los Angeles, CA",2015,Subsidiary,01/12/2022
162754-03,265326-31,Mashtraxx,Multimedia and Design Software,"London, United Kingdom",2015,Subsidiary,01/12/2022
97267-96,111099-97,Pinch (Mobile Banking),Financial Software,"San Francisco, CA",2014,Subsidiary,01/12/2022
338706-37,384913-81,Valley Tech Systems,Aerospace and Defense,"Folsom, CA",2007,Subsidiary,01/12/2022
314489-53,167492-62,Courier Therapeutics,Drug Discovery,"Houston, TX",2015,Subsidiary,01/12/2022
101984-86,471347-56,Scaniverse,Entertainment Software,"San Diego, CA",2020,Subsidiary,01/12/2022
166325-05,268530-22,Redacted.ai,Business/Productivity Software,"Berkeley, CA",2019,Subsidiary,01/12/2022
179288-02,279949-42,Capiche,Business/Productivity Software,"San Francisco, CA",2019,Subsidiary,01/12/2022
57523-60,91929-88,Zepl,Database Software,"San Jose, CA",2011,Subsidiary,01/12/2022
63351-28,435400-21,Tip Yourself,Application Software,"Chicago, IL",2015,Subsidiary,01/12/2022
54107-11,232294-87,UBS SmartWealth,Other Capital Markets/Institutions,"Zurich, Switzerland",2016,Subsidiary,01/12/2022
114079-78,463288-87,JuegaLotto,Entertainment Software,"CDMX, Mexico",2019,Subsidiary,01/12/2022
338706-37,266882-14,Space Micro,Aerospace and Defense,"San Diego, CA",2002,Subsidiary,01/12/2022
51586-57,66370-24,Parka,Network Management Software,"Portland, ME",2013,Subsidiary,01/12/2022
57081-79,61123-96,Validately,Business/Productivity Software,"New York, NY",2011,Subsidiary,01/12/2022
56265-94,431631-28,Carta Ventures,Corporate Venture Capital,"San Francisco, CA",,Subsidiary,01/12/2022
55362-16,100553-14,Tea Leaves Health,Enterprise Systems (Healthcare),"Roswell, GA",2011,Subsidiary,01/12/2022
169255-36,462365-20,Amplify Medicines,Other Pharmaceuticals and Biotechnology,"Cambridge, MA",2019,Subsidiary,01/12/2022
51586-57,267575-32,Prospress,Financial Software,"Portland, OR",2013,Subsidiary,01/12/2022
51586-57,458519-95,WYSIJA,Media and Information Services (B2B),"Marseille, France",2011,Subsidiary,01/12/2022
57987-28,323913-25,Sea-Level Operations,Education and Training Services (B2B),"Sumner, WA",2010,Subsidiary,01/12/2022
54782-29,155871-28,Paystack,Financial Software,"Lagos, Nigeria",2015,Subsidiary,01/12/2022
226402-66,127262-80,Veloxint,Industrial Supplies and Parts,"Framingham, MA",2015,Subsidiary,01/12/2022
109101-16,97640-29,Exo,Food Products,"Brooklyn, NY",2013,Subsidiary,01/12/2022
56845-00,97826-77,The Players' Tribune,Publishing,"New York, NY",2014,Subsidiary,01/12/2022
51586-57,472549-69,Social Image Generator,Software Development Applications,"San Francisco, CA",,Subsidiary,01/12/2022
54782-29,340758-91,Bouncer,Financial Software,"Oakland, CA",2018,Subsidiary,01/12/2022
225695-62,231462-64,Tone,Communication Software,"Boston, MA",2017,Subsidiary,01/12/2022
162754-03,170400-79,Amplify.ai,Business/Productivity Software,"Palo Alto, CA",2016,Subsidiary,01/12/2022
169067-89,115043-23,NextSeed,Financial Software,"Houston, TX",2014,Subsidiary,01/12/2022
266344-84,461818-09,Bonstato,Home Furnishings,"Munich, Germany",2015,Subsidiary,01/12/2022
266344-84,454412-17,Angry Orange,Distributors/Wholesale,"Walpole, MA",2014,Subsidiary,01/12/2022
266344-84,463008-16,Mayfair Brands (Amazon),Internet Retail,"New York, NY",,Subsidiary,01/12/2022
95733-46,157414-33,Cathyos Labs,Consulting Services (B2B),"Bangalore, India",2016,Subsidiary,01/12/2022
161539-12,233426-53,Vayo,Business/Productivity Software,"Tel Aviv, Israel",2018,Subsidiary,01/12/2022
266344-84,469244-26,Harperton,Accessories,"Walpole, MA",2016,Subsidiary,01/12/2022
266344-84,469720-99,Wise Owl Outfitters,Recreational Goods,"Walpole, MA",2015,Subsidiary,01/12/2022
