CompanyID,TargetCompanyID,TargetCompanyName,DealID,DealDate,DealType,DealSize,CompanyStage,Industry,LeadPartnerID,LeadPartner,LastUpdated
51586-57,51609-97,Gravatar,18079-48T,10/17/2007,Merger/Acquisition,,,Application Software,14104-54P,Toni Schneider,01/12/2022
51586-57,51610-15,IntenseDebate,18079-84T,09/24/2008,Merger/Acquisition,,Product Development,Application Software,,,01/12/2022
51586-57,51610-33,Polldaddy,18080-29T,10/16/2008,Merger/Acquisition,,,Application Software,,,01/12/2022
51586-57,51610-51,After the Deadline,18081-01T,09/08/2009,Merger/Acquisition,,,Application Software,14104-54P,Toni Schneider,01/12/2022
52260-85,52819-84,PropertyBridge,19209-34T,09/19/2011,Merger/Acquisition,,Product Development,Financial Software,,,01/12/2022
53559-46,53559-73,EnergyFlow Consulting,20136-79T,10/20/2011,Merger/Acquisition,,,Other Energy Services,,,01/12/2022
49063-96,54101-89,Khush,20952-91T,12/01/2011,Merger/Acquisition,,Product Development,Entertainment Software,,,01/12/2022
52260-85,12337-66,ParishPay,21114-82T,04/03/2012,Merger/Acquisition,,Generating Revenue,Financial Software,37296-73P,Thomas J. Villante,01/12/2022
51586-57,43133-77,OwnLocal,21168-28T,08/19/2011,Early Stage VC,0.78,Profitable,Business/Productivity Software,,,01/12/2022
55605-88,54512-29,DigiLens (Acquired 2003),22744-54T,08/31/2003,Merger/Acquisition,,Generating Revenue,Fiberoptic Equipment,44235-82P,Ph.D Jonathan D. Waldern,01/12/2022
51712-75,55688-50,Avvo Health,22927-15T,11/29/2012,Merger/Acquisition,,,Outcome Management (Healthcare),35762-14P,Ron Gutman,01/12/2022
52639-39,13292-74,NetRegulus,23721-58T,04/10/2003,Early Stage VC (Series B1),7.2,Generating Revenue/Not Profitable,Enterprise Systems (Healthcare),,,01/12/2022
43099-75,51506-92,LawPivot,23881-87T,01/14/2013,Merger/Acquisition,,Startup,Social/Platform Software,35533-18P,JD Charley Moore,01/12/2022
52833-61,54908-56,FabKids,24026-41T,01/18/2013,Merger/Acquisition,,Startup,Clothing,30583-90P,Adam Goldenberg,01/12/2022
51586-57,53598-34,Simperium,24112-36T,01/24/2013,Merger/Acquisition,,Startup,Application Software,,,01/12/2022
52537-87,52690-78,ITIS Holdings,24821-74T,08/22/2011,Merger/Acquisition,,Generating Revenue,Information Services (B2C),,,01/12/2022
54782-29,56313-28,Kick off (application),24911-47T,03/11/2013,Merger/Acquisition,,,Communication Software,,,01/12/2022
52833-61,51604-39,ShoeDazzle,26021-44T,08/22/2013,Merger/Acquisition,,Generating Revenue,Internet Retail,30583-90P,Adam Goldenberg,01/12/2022
52833-61,54705-61,The Fab Shoes,26149-15T,05/23/2013,Merger/Acquisition,,Startup,Internet Retail,30583-90P,Adam Goldenberg,01/12/2022
53903-17,57429-46,Bitdeli,26496-91T,06/12/2013,Merger/Acquisition,,Startup,Internet Service Providers,40284-19P,Aaron Bell,01/12/2022
51586-57,57521-98,Poster,26587-99T,06/17/2013,Merger/Acquisition,,,Information Services (B2C),,,01/12/2022
54196-48,51156-28,Tibion Bionic Technologies,26822-80T,06/27/2013,Merger/Acquisition,,Generating Revenue,Therapeutic Devices,,,01/12/2022
58493-26,52788-97,SupplyScape,28009-18T,09/02/2009,Merger/Acquisition,,Generating Revenue,Laboratory Services (Healthcare),34511-95P,Shabbir Dahod,01/12/2022
52833-61,57068-11,ChicChick Club.de,28345-78T,03/11/2013,Merger/Acquisition,,Product Development,Accessories,,,01/12/2022
51119-56,51558-13,Go2 Media,28610-74T,03/08/2011,Merger/Acquisition,,Product Development,Information Services (B2C),,,01/12/2022
51586-57,48177-01,Cloudup,28887-58T,09/25/2013,Merger/Acquisition,,Generating Revenue,Educational Software,,,01/12/2022
54678-07,59276-08,Zubhium,28976-32T,,Early Stage VC,,Generating Revenue,Software Development Applications,,,01/12/2022
55362-16,25201-63,IncentOne,29372-32T,10/22/2013,Merger/Acquisition,,Generating Revenue,Other Healthcare Technology Systems,43511-59P,Jeffrey H. Margolis,01/12/2022
52639-39,60962-68,AutoCell Laboratories,30699-82T,10/05/2005,Early Stage VC,4.383935,Bankruptcy: Liquidation,Network Management Software,,,01/12/2022
51586-57,61007-50,Pressable,30798-91T,11/14/2013,Seed Round,0.8,Generating Revenue,Systems and Information Management,,,01/12/2022
53903-17,56188-27,Userfox,31142-44T,01/23/2014,Merger/Acquisition,,Product Development,Media and Information Services (B2B),40284-19P,Aaron Bell,01/12/2022
54782-29,61702-66,BakedCode,31909-33T,01/01/2013,Merger/Acquisition,,Startup,Business/Productivity Software,,,01/12/2022
51586-57,62333-56,Longreads,32943-43T,04/10/2014,Merger/Acquisition,,Startup,Entertainment Software,49819-51P,Raanan Bar Cohen,01/12/2022
51586-57,54594-37,Scroll Kit,33345-01T,04/24/2014,Merger/Acquisition,,Generating Revenue,Application Software,,,01/12/2022
64834-93,62888-05,ZeroVulnerabilityLabs,35632-00T,06/20/2013,Merger/Acquisition,,Startup,Security Services (B2B),72348-40P,Marcin Kleczynski,01/12/2022
65769-22,55106-47,Vendaria Media,36373-69T,01/01/2013,Merger/Acquisition,,Generating Revenue,Consulting Services (B2B),,,01/12/2022
51586-57,66370-24,Parka,36958-69T,08/26/2014,Merger/Acquisition,,Startup,Network Management Software,47497-69P,Matthew C. Mullenweg,01/12/2022
54782-29,65613-88,Stellar Development Foundation,36973-63T,07/31/2014,Corporate,3.0,Generating Revenue,Financial Software,40315-69P,Patrick Collison,01/12/2022
51699-25,96984-28,Prodigy Engineering,37105-93T,05/19/2014,Merger/Acquisition,,Generating Revenue,Construction and Engineering,57546-37P,John H. Weber,01/12/2022
97127-65,97125-49,"Rosengarten, Smith & Associates",37256-68T,09/04/2014,Merger/Acquisition,,Generating Revenue,Environmental Services (B2B),,,01/12/2022
97913-89,97903-00,North America Power Partners,38033-38T,09/30/2014,Merger/Acquisition,,Generating Revenue,Other IT Services,80601-40P,Robert M Nawy,01/12/2022
51586-57,99240-13,Code For The People,39165-85T,11/06/2014,Merger/Acquisition,,Startup,Other Commercial Services,47497-69P,Matthew C. Mullenweg,01/12/2022
52836-76,100271-44,PassOmatic,40236-85T,12/09/2014,Merger/Acquisition,,Startup,Internet Software,,,01/12/2022
62878-78,100865-35,Artifact Uprising,44182-81T,01/07/2015,Merger/Acquisition,,Generating Revenue,Publishing,66613-96P,Joel Flory,01/12/2022
60739-75,107342-83,MX2,44717-23T,05/29/2014,Merger/Acquisition,,Startup,Other Business Products and Services,,,01/12/2022
52258-60,83756-17,American HealthCare Lending,44887-60T,01/27/2015,Merger/Acquisition,21.0,Generating Revenue,Other Healthcare,35736-31P,Aaron L. Vermut,01/12/2022
60349-96,53772-67,RentWiki,45078-94T,09/01/2013,Merger/Acquisition,,Startup,Social Content,,,01/12/2022
54678-07,107679-34,Funloop,45115-03T,,Merger/Acquisition,,Startup,Entertainment Software,,,01/12/2022
51606-01,112296-34,Aiden Co.,49172-32T,04/28/2015,Merger/Acquisition,,Startup,Industrial Supplies and Parts,36581-05P,Clifford Morris,01/12/2022
55362-16,64793-80,Greatist,49510-63T,04/03/2015,Seed Round,5.535731,Generating Revenue,Information Services (B2C),,,01/12/2022
55362-16,55137-34,Predilytics,50416-75T,05/19/2015,Merger/Acquisition,,Generating Revenue,Enterprise Systems (Healthcare),43511-59P,Jeffrey H. Margolis,01/12/2022
51586-57,103801-96,Bubblestorm Management,50446-72T,05/19/2015,Merger/Acquisition,30.0,Generating Revenue,Application Software,47497-69P,Matthew C. Mullenweg,01/12/2022
54088-48,87871-78,B-Side Entertainment,50727-61T,04/08/2010,Merger/Acquisition,,Out of Business,"Movies, Music and Entertainment",,,01/12/2022
61728-58,110274-49,Kinects Solutions,51540-76T,05/03/2011,Merger/Acquisition,,Generating Revenue,Gas Utilities,96488-02P,II Alan W. Snook,01/12/2022
64834-93,118536-67,Junkware Removal Tool,52212-43T,06/22/2015,Merger/Acquisition,,Startup,Network Management Software,72348-40P,Marcin Kleczynski,01/12/2022
64834-93,119803-51,AdwareMedic by The Safe Mac,53625-43T,07/15/2015,Merger/Acquisition,,Generating Revenue,Network Management Software,72348-40P,Marcin Kleczynski,01/12/2022
62878-78,121302-19,Moving Sciences,55019-62T,08/03/2015,Merger/Acquisition,,Generating Revenue,Multimedia and Design Software,66613-96P,Joel Flory,01/12/2022
52537-87,55337-05,ParkMe,57148-21T,09/09/2015,Merger/Acquisition,,Generating Revenue,Information Services (B2C),38303-38P,Bryan P. Mistele,01/12/2022
52258-60,52998-58,Prosper Daily,58031-38T,08/10/2015,Merger/Acquisition,45.0,Startup,Other Financial Services,35736-31P,Aaron L. Vermut,01/12/2022
51586-57,66404-71,blo.gs,58808-62T,04/24/2009,Merger/Acquisition,,Generating Revenue,Communication Software,,,01/12/2022
55362-16,55249-21,Zamzee,59619-25T,10/20/2015,Merger/Acquisition,,Generating Revenue,Recreational Goods,43511-59P,Jeffrey H. Margolis,01/12/2022
51586-57,84509-11,Graphflow,61477-39T,01/20/2014,Accelerator/Incubator,0.225,Startup,Media and Information Services (B2B),,,01/12/2022
55362-16,52784-74,Silverlink Communications,62455-87T,11/23/2015,Merger/Acquisition,,Generating Revenue,Telecommunications Service Providers,43511-59P,Jeffrey H. Margolis,01/12/2022
54782-29,55667-62,Teleportd,62473-42T,02/15/2015,Merger/Acquisition,,Generating Revenue,Media and Information Services (B2B),,,01/12/2022
52639-39,112616-92,Rockwood Accounting Services Group,64558-27T,08/08/2011,Buyout/LBO (Add-on),,Generating Revenue,"Accounting, Audit and Tax Services (B2B)",38410-84P,Lawrence M. Harding,01/12/2022
52833-61,85965-94,ChicChickClub,66818-44T,03/11/2013,Merger/Acquisition,,Startup,Internet Retail,54312-76P,Gerrit Muller,01/12/2022
57081-79,56845-72,YouEye,67433-86T,03/08/2016,Merger/Acquisition,,Generating Revenue,Media and Information Services (B2B),53509-33P,Alfonso De La Nuez,01/12/2022
52537-87,155211-13,OpenCar,67451-23T,03/09/2016,Merger/Acquisition,,Startup,Application Software,38303-38P,Bryan P. Mistele,01/12/2022
51712-75,56226-52,Docphin,67811-05T,03/14/2016,Merger/Acquisition,,Startup,Other Healthcare Services,35762-14P,Ron Gutman,01/12/2022
43099-75,56100-34,SlidePay,68426-20T,01/01/2014,Merger/Acquisition,,Startup,Financial Software,,,01/12/2022
52180-93,156683-89,WSO2.Telco,68621-68T,03/04/2015,Joint Venture,,Generating Revenue,Other IT Services,,,01/12/2022
148754-80,58825-36,Crowdx,70307-11T,05/17/2016,Merger/Acquisition,,Generating Revenue,Application Software,121696-30P,Ofira Zmora,01/12/2022
55286-47,119110-42,Waysay,71294-86T,06/08/2016,Merger/Acquisition,,Startup,Application Software,43689-88P,Christopher Mason,01/12/2022
51586-57,86116-60,Code Garage,72021-97T,12/21/2012,Merger/Acquisition,,Generating Revenue,Systems and Information Management,,,01/12/2022
54678-07,93204-73,RadioSherpa,75169-54T,09/17/2008,Merger/Acquisition,,Generating Revenue,"Broadcasting, Radio and Television",41889-70P,William Moore,01/12/2022
54782-29,60767-65,Playground Energy,75418-66T,,Merger/Acquisition,,Startup,Recreational Goods,,,01/12/2022
166325-05,166320-55,Optanon,75607-12T,09/13/2016,Merger/Acquisition,,Generating Revenue,Other Software,145236-88P,Kabir Barday,01/12/2022
54782-29,166354-48,Runkit,75675-88T,09/14/2016,Merger/Acquisition,,Generating Revenue,Application Software,40315-69P,Patrick Collison,01/12/2022
51586-57,90211-69,Codeable,77142-79T,07/01/2016,Corporate,,Generating Revenue/Not Profitable,IT Consulting and Outsourcing,,,01/12/2022
64834-93,167287-06,AdwCleaner,77262-31T,10/21/2016,Merger/Acquisition,,Generating Revenue,Network Management Software,72348-40P,Marcin Kleczynski,01/12/2022
43099-75,167759-92,Rocket Lawyer Europe,77827-87T,07/18/2016,Joint Venture,,Generating Revenue,Legal Services (B2B),35533-18P,JD Charley Moore,01/12/2022
115530-40,98582-50,MyChild,78058-81T,11/03/2016,Merger/Acquisition,,Startup,Social/Platform Software,57320-02P,Dave Vasen,01/12/2022
64834-93,167655-07,HPhosts,78070-87T,01/01/2011,Corporate Asset Purchase,,,Buildings and Property,72348-40P,Marcin Kleczynski,01/12/2022
51119-56,51157-09,WeatherBug,78469-84T,11/14/2016,Merger/Acquisition,,Generating Revenue,Other Software,,,01/12/2022
56845-00,168265-99,Sports Asia,78618-70T,06/09/2016,Joint Venture,,Startup,Social Content,49154-59P,Asaf Peled,01/12/2022
51586-57,168553-00,Plinky,79161-49T,06/25/2010,Merger/Acquisition,,Out of Business,Social/Platform Software,,,01/12/2022
167599-00,54332-92,Thrillist Media Group,79721-92T,10/14/2016,Merger of Equals,,Generating Revenue,Publishing,,,01/12/2022
54782-29,52998-94,RethinkDB,81043-93T,10/03/2016,Merger/Acquisition,,Generating Revenue,Database Software,,,01/12/2022
54782-29,114651-37,Teapot,81045-01T,10/18/2016,Merger/Acquisition,,Startup,Application Software,,,01/12/2022
51586-57,124023-43,BuddyPress,81677-89T,03/01/2008,Merger/Acquisition,,Generating Revenue,Software Development Applications,,,01/12/2022
56050-48,170198-56,Zoomer (Assets),81848-71T,02/01/2017,Corporate Asset Purchase,,,Buildings and Property,46657-18P,Matt Howard,01/12/2022
64834-93,170311-69,Saferbytes,82021-24T,02/07/2017,Merger/Acquisition,,Generating Revenue,IT Consulting and Outsourcing,72348-40P,Marcin Kleczynski,01/12/2022
56050-48,103744-72,Zoomer,82380-34T,02/03/2017,Merger/Acquisition,,Out of Business,Other Commercial Services,46657-18P,Matt Howard,01/12/2022
101710-18,55735-21,PivotDesk,85513-87T,01/01/2017,Merger/Acquisition,,Generating Revenue,Media and Information Services (B2B),100185-31P,JD Jamie J. Hodari,01/12/2022
54782-29,173486-44,Indie Hackers,86218-93T,04/11/2017,Merger/Acquisition,,Generating Revenue,Other Software,40315-69P,Patrick Collison,01/12/2022
52639-39,43098-22,fSONA Networks,86428-09T,11/20/2000,Early Stage VC,18.4,Profitable,Connectivity Products,,,01/12/2022
57523-60,60048-46,Nutonian,88191-10T,05/23/2017,Merger/Acquisition,,Generating Revenue,Application Software,54099-55P,Jeremy Achin,01/12/2022
101715-85,176522-77,Sous,88867-18T,06/08/2017,Merger/Acquisition,,Generating Revenue,Social/Platform Software,,,01/12/2022
51586-57,87257-17,Lean Domain Search,88961-59T,07/15/2013,Merger/Acquisition,,Generating Revenue,Other Software,,,01/12/2022
58354-39,182247-49,Eagle Eye Networks EMEA,89209-90T,06/14/2017,Merger/Acquisition,,Generating Revenue,Electronics (B2C),35739-55P,Dean Drako,01/12/2022
51586-57,182521-72,Soundcheck,89688-07T,11/01/2018,Seed Round,1.5,Out of Business,Multimedia and Design Software,,,01/12/2022
55362-16,52818-49,Keas,90024-49T,01/01/2016,Merger/Acquisition,,Generating Revenue,Enterprise Systems (Healthcare),,,01/12/2022
54782-29,107627-95,Payable,91742-32T,07/26/2017,Merger/Acquisition,,Generating Revenue,Business/Productivity Software,,,01/12/2022
58493-26,184171-06,ROC IT Solutions,92128-87T,08/01/2017,Merger/Acquisition,,Generating Revenue,Business/Productivity Software,34511-95P,Shabbir Dahod,01/12/2022
156879-10,166478-41,Round Health,93326-68T,08/23/2017,Merger/Acquisition,,Startup,Application Software,133712-20P,Mattieu Gamache-Asselin,01/12/2022
97437-16,184059-46,Gathered Foods,93417-22T,08/07/2018,Early Stage VC (Series A),8.7,Generating Revenue,Food Products,111993-04P,Nicholas R. Green,01/12/2022
56265-94,187955-38,Silicon Valley Bank (Analytics Business),95551-84T,09/01/2017,Merger/Acquisition,,Generating Revenue,Other Financial Services,,,01/12/2022
55362-16,100553-14,Tea Leaves Health,95727-25T,10/11/2017,Merger/Acquisition,83.0,Generating Revenue,Enterprise Systems (Healthcare),43511-59P,Jeffrey H. Margolis,01/12/2022
101984-86,101555-56,Evertoon,96785-29T,11/03/2017,Merger/Acquisition,,Startup,Entertainment Software,47982-79P,John Hanke,01/12/2022
54782-29,118978-21,Monzo,96862-06T,11/08/2017,Early Stage VC,93.53731082,Generating Revenue/Not Profitable,Other Commercial Banks,,,01/12/2022
60349-96,222223-42,Maguire & Fish,97203-61T,11/13/2017,Merger/Acquisition,,Generating Revenue,Human Capital Services,45570-16P,John Douglas Kobs,01/12/2022
53903-17,98638-30,Improvado,97215-67T,03/19/2019,Seed Round,8.0,Generating Revenue,Business/Productivity Software,,,01/12/2022
167599-00,172450-81,Jash,99037-63T,11/07/2017,Merger/Acquisition,,Generating Revenue,"Broadcasting, Radio and Television",41619-43P,Benjamin Lerer,01/12/2022
57081-79,104797-36,WhatUsersDo,99972-73T,12/21/2017,Merger/Acquisition,,Generating Revenue,Media and Information Services (B2B),53509-33P,Alfonso De La Nuez,01/12/2022
101984-86,224321-59,Transrobotics,100493-38T,01/23/2018,Early Stage VC,2.25,Generating Revenue,Electronic Equipment and Instruments,,,01/12/2022
101984-86,167906-62,Escher Reality,100890-46T,12/29/2017,Merger/Acquisition,50.0,Startup,Application Software,47982-79P,John Hanke,01/12/2022
52260-85,225792-19,Paymerica,101365-57T,01/05/2009,Merger/Acquisition,,Generating Revenue,Financial Software,37296-73P,Thomas J. Villante,01/12/2022
226402-66,127262-80,Veloxint,102268-99T,03/04/2018,Merger/Acquisition,,Generating Revenue,Industrial Supplies and Parts,17856-82P,Craig T. Bouchard,01/12/2022
109101-16,97640-29,Exo,102480-67T,03/08/2018,Merger/Acquisition,,Generating Revenue,Food Products,94711-60P,MD Mohammed Ashour,01/12/2022
54782-29,60335-83,Index,102498-94T,03/02/2018,Merger/Acquisition,,Generating Revenue,Business/Productivity Software,48329-92P,JD William Gaybrick,01/12/2022
54782-29,226728-64,Pilot (Financial Software),102764-53T,04/01/2018,Early Stage VC (Series A),14.999997,Generating Revenue,Financial Software,,,01/12/2022
109793-26,182794-78,Scatter (Multimedia and Design Software),103911-04T,02/01/2018,Seed Round,3.5,Generating Revenue,Multimedia and Design Software,95246-38P,Alejandro Dinsmore,01/12/2022
161539-12,64283-23,ONDiGO,104487-40T,01/01/2018,Merger/Acquisition,,Generating Revenue,Business/Productivity Software,35482-15P,Amit Bendov,01/12/2022
108107-02,228226-24,DP World Cargospeed,105179-86T,04/29/2018,Joint Venture,,Generating Revenue,Logistics,36995-05P,Shervin Kordary Pishevar,01/12/2022
223869-34,228508-75,LyGenesis,105632-92T,05/09/2018,Early Stage VC (Series A),3.0,Clinical Trials - Phase 2,Drug Discovery,156315-16P,Alexander Pickett,01/12/2022
97437-16,227627-29,Rael,105961-60T,05/15/2018,Seed Round,2.805,Generating Revenue,Personal Products,,,01/12/2022
101984-86,55605-88,DigiLens,106031-26T,05/14/2019,Later Stage VC (Series C),50.0,Generating Revenue,Multimedia and Design Software,,,01/12/2022
64834-93,228948-49,Binisoft,106276-60T,05/23/2018,Merger/Acquisition,,Generating Revenue,Network Management Software,72348-40P,Marcin Kleczynski,01/12/2022
54782-29,160960-33,Autocode,106702-12T,05/31/2018,Early Stage VC,2.0,Generating Revenue,Software Development Applications,,,01/12/2022
54782-29,155871-28,Paystack,107132-59T,09/06/2018,Early Stage VC (Series A),10.205003,Generating Revenue,Financial Software,40315-69P,Patrick Collison,01/12/2022
223869-34,183150-64,AgeX Therapeutics,107212-60T,11/08/2018,Merger/Acquisition,,Generating Revenue/Not Profitable,Biotechnology,133794-37P,Anthony Chow,01/12/2022
53712-19,41156-65,Mips Technologies,107477-83T,06/13/2018,Merger/Acquisition,,Generating Revenue,General Purpose Semiconductors,,,01/12/2022
51586-57,54870-04,Atavist,107746-57T,06/21/2018,Merger/Acquisition,,Generating Revenue,Multimedia and Design Software,47497-69P,Matthew C. Mullenweg,01/12/2022
101984-86,230415-40,Matrix Mill,108158-23T,11/01/2017,Merger/Acquisition,,Generating Revenue,Other Software,47982-79P,John Hanke,01/12/2022
223869-34,62422-03,Insilico Medicine,108273-61T,06/18/2018,Early Stage VC (Series A3),6.0,Generating Revenue,Drug Discovery,82881-82P,James Mellon,01/12/2022
57523-60,115530-13,Nexosis,108696-88T,07/10/2018,Merger/Acquisition,100.0,Generating Revenue,Business/Productivity Software,54099-55P,Jeremy Achin,01/12/2022
59273-38,110723-14,Sift Security,108859-60T,07/12/2018,Merger/Acquisition,,Generating Revenue,IT Consulting and Outsourcing,54534-79P,Sanjay Beri,01/12/2022
101984-86,53574-13,Seismic Games,109096-03T,07/17/2018,Merger/Acquisition,,Generating Revenue,Entertainment Software,47982-79P,John Hanke,01/12/2022
97437-16,134099-47,Beekeeper's Naturals,109471-96T,01/01/2018,Seed Round,0.7,Generating Revenue,Other Consumer Non-Durables,,,01/12/2022
229659-58,231913-27,IVFqc (Cloud-Based Software),110399-23T,08/14/2018,Corporate Asset Purchase,,,Buildings and Property,191455-30P,Gina Bartasi,01/12/2022
101710-18,231923-89,Assemble Shared Office,110421-64T,08/15/2018,Merger/Acquisition,,Generating Revenue,Office Services (B2B),100185-31P,JD Jamie J. Hodari,01/12/2022
223869-34,230966-74,FoxBio,110489-50T,07/12/2018,Joint Venture,10.0,Startup,Drug Discovery,156315-16P,Alexander Pickett,01/12/2022
54782-29,118978-21,Monzo,110518-48T,12/16/2018,Later Stage VC (Series E),134.10890436,Generating Revenue/Not Profitable,Other Commercial Banks,,,01/12/2022
54107-11,232294-87,UBS SmartWealth,111042-46T,08/29/2018,Merger/Acquisition,,Generating Revenue,Other Capital Markets/Institutions,,,01/12/2022
107518-60,231392-89,Travera,111254-32T,06/16/2018,Early Stage VC (Series A2),6.95,Generating Revenue,Biotechnology,,,01/12/2022
52260-85,225792-10,eRentPayer,111441-34T,01/01/2005,Buyout/LBO (Add-on),,Generating Revenue,Financial Software,,,01/12/2022
55362-16,160924-51,WellPass,111646-72T,09/12/2018,Merger/Acquisition,,Generating Revenue,Decision/Risk Analysis,43511-59P,Jeffrey H. Margolis,01/12/2022
97267-96,111099-97,Pinch (Mobile Banking),111752-29T,09/14/2018,Merger/Acquisition,,Generating Revenue,Financial Software,78508-54P,Christopher Britt,01/12/2022
51586-57,61007-50,Pressable,111958-75T,03/10/2016,Corporate,,Generating Revenue,Systems and Information Management,,,01/12/2022
56845-00,102453-40,Mental Floss,111983-86T,09/20/2018,Merger/Acquisition,,Profitable,Media and Information Services (B2B),49154-59P,Asaf Peled,01/12/2022
226402-66,233137-27,NanoAl,112002-04T,09/20/2018,Merger/Acquisition,,Generating Revenue,"Other Metals, Minerals and Mining",17856-82P,Craig T. Bouchard,01/12/2022
227380-15,54643-78,Lua (Communication Software),112453-66T,02/14/2019,Merger/Acquisition,,Generating Revenue,Communication Software,194567-41P,Tristan Edwards,01/12/2022
51586-57,159360-85,RadioPublic,112633-66T,10/05/2018,Later Stage VC (Series A),0.5,Generating Revenue,Entertainment Software,251914-51P,Kinsey Wilson,01/12/2022
54782-29,185001-58,Bloom Institute of Technology,112657-24T,10/08/2018,Early Stage VC (Series A),13.999974,Generating Revenue,Educational and Training Services (B2C),,,01/12/2022
166438-45,233813-89,Ike Robotics,112877-38T,10/02/2018,Corporate,,Generating Revenue,Road,,,01/12/2022
53903-17,180642-97,Growlabs,113717-71T,11/09/2018,Merger/Acquisition,,Generating Revenue,Business/Productivity Software,,,01/12/2022
223869-34,62422-03,Insilico Medicine,114120-64T,07/18/2017,Early Stage VC (Series A2),4.0,Generating Revenue,Drug Discovery,82881-82P,James Mellon,01/12/2022
64834-93,117491-32,Zwift,114769-00T,12/19/2018,Early Stage VC,120.000022,Generating Revenue,Application Software,,,01/12/2022
264980-08,264918-70,Lively (Therapeutic Devices),115832-35T,01/23/2019,Early Stage VC (Series A),16.0,Generating Revenue,Therapeutic Devices,,,01/12/2022
54782-29,231414-22,Rapyd,116058-61T,02/13/2019,Early Stage VC (Series B2),63.978481,Generating Revenue,Financial Software,,,01/12/2022
234398-17,265191-40,Peak Medical Technologies,116105-95T,02/04/2019,Buyout/LBO (Add-on),,Generating Revenue,Other Healthcare Technology Systems,52076-53P,Daniel Roark,01/12/2022
97913-89,55987-12,SigmaFlow,116124-04T,02/04/2019,Merger/Acquisition,,Generating Revenue,Business/Productivity Software,80601-40P,Robert M Nawy,01/12/2022
173307-70,150914-53,Habit,116194-06T,02/06/2019,Merger/Acquisition,,Generating Revenue,Other Services (B2C Non-Financial),43049-17P,Naveen Jain,01/12/2022
51119-56,64000-45,NimbusBase,116560-09T,02/28/2015,Merger/Acquisition,,Generating Revenue,Application Software,,,01/12/2022
226862-74,179837-65,Agraloop,116735-50T,,Joint Venture,,Startup,Environmental Services (B2B),,,01/12/2022
57523-60,185932-63,Cursor,116755-66T,02/26/2019,Merger/Acquisition,,Generating Revenue,Database Software,54099-55P,Jeremy Achin,01/12/2022
264980-08,186458-32,Candid Care,117207-10T,04/09/2019,Early Stage VC (Series B),63.4,Generating Revenue,Therapeutic Devices,45302-86P,Kira Wampler,01/12/2022
56845-00,56306-71,Big Lead Sports,117435-70T,03/15/2019,Merger/Acquisition,,Generating Revenue,Publishing,49154-59P,Asaf Peled,01/12/2022
166325-05,142366-87,DataGuidance,117494-38T,03/11/2019,Merger/Acquisition,,Generating Revenue,Legal Services (B2B),145236-88P,Kabir Barday,01/12/2022
169067-89,263196-91,RenGen Labs,117647-11T,03/24/2019,Merger/Acquisition,,Generating Revenue,Financial Software,,,01/12/2022
223869-34,266396-59,BYOMass,117704-89T,03/27/2019,Corporate,6.5,Generating Revenue,Biotechnology,89445-70P,MD Gregory Hugh Bailey,01/12/2022
55101-25,53907-94,SimpleReach,117810-64T,03/29/2019,Merger/Acquisition,,Generating Revenue,Media and Information Services (B2B),43047-82P,Justin Choi,01/12/2022
54782-29,118978-21,Monzo,117976-87T,06/25/2019,Later Stage VC (Series F),143.69209099,Generating Revenue/Not Profitable,Other Commercial Banks,,,01/12/2022
224048-35,266932-90,Master Minded Distribution,118162-81T,04/15/2019,Merger/Acquisition,,Generating Revenue,Distributors/Wholesale,88786-36P,Samuel Jurist,01/12/2022
54782-29,226728-64,Pilot (Financial Software),118232-65T,04/17/2019,Later Stage VC (Series B),42.0,Generating Revenue,Financial Software,40315-69P,Patrick Collison,01/12/2022
53317-00,117899-47,Ulyngo,118343-35T,04/23/2019,Merger/Acquisition,,Generating Revenue,Media and Information Services (B2B),78142-96P,Stewart Katherine Elliot,01/12/2022
54782-29,97143-04,TouchTech Payments,118344-34T,04/17/2019,Merger/Acquisition,,Generating Revenue,Financial Software,,,01/12/2022
51586-57,51269-95,Tumblr,118593-73T,09/25/2019,Merger/Acquisition,3.0,Generating Revenue,Social/Platform Software,47497-69P,Matthew C. Mullenweg,01/12/2022
167599-00,56108-26,NowThis Media,118654-84T,,Merger/Acquisition,,Generating Revenue,Media and Information Services (B2B),,,01/12/2022
64520-11,267474-61,Handy (Storage Business),119000-53T,,Merger/Acquisition,,Generating Revenue,Other Services (B2C Non-Financial),,,01/12/2022
51586-57,267575-32,Prospress,119182-78T,05/22/2019,Merger/Acquisition,,Generating Revenue,Financial Software,,,01/12/2022
101715-85,54489-43,BinWise,119313-64T,05/23/2019,Merger/Acquisition,,Generating Revenue/Not Profitable,Business/Productivity Software,,,01/12/2022
54782-29,109062-82,Step (Financial Software),119514-07T,06/06/2019,Early Stage VC (Series A),22.499996,Generating Revenue,Financial Software,54091-54P,Jordan Angelos,01/12/2022
112497-04,246068-92,National Research Center,119618-38T,05/02/2019,Merger/Acquisition,,Generating Revenue,Consulting Services (B2B),99610-12P,Ph.D Nick Mastronardi,01/12/2022
101984-86,180991-81,Sensible Object,119791-54T,06/18/2019,Merger/Acquisition,5.975,Generating Revenue,Entertainment Software,47982-79P,John Hanke,01/12/2022
97437-16,267208-66,Square Organics,120173-77T,03/06/2018,Later Stage VC,0.5,Out of Business,Food Products,,,01/12/2022
169067-89,171281-71,SheWorx,120245-59T,06/26/2019,Merger/Acquisition,,Generating Revenue,Other Commercial Services,168240-79P,Kendrick Nguyen,01/12/2022
57081-79,61123-96,Validately,120866-59T,06/20/2019,Merger/Acquisition,,Generating Revenue,Business/Productivity Software,53509-33P,Alfonso De La Nuez,01/12/2022
223869-34,277127-11,NetraPharma,120883-24T,11/27/2018,Joint Venture,,Generating Revenue,Enterprise Systems (Healthcare),89445-70P,MD Gregory Hugh Bailey,01/12/2022
103447-99,277250-05,In-Video Impressions,121078-09T,07/18/2019,Merger/Acquisition,,Generating Revenue,Media and Information Services (B2B),110537-56P,Al Hariri,01/12/2022
121699-99,277472-08,DevSecCon,121407-40T,07/24/2019,Merger/Acquisition,,Generating Revenue,Educational and Training Services (B2C),46723-96P,Guy Podjarny,01/12/2022
169067-89,227687-95,Trust & Will,121514-14T,05/01/2019,Equity Crowdfunding,0.225212,Generating Revenue,Legal Services (B2C),,,01/12/2022
95733-46,277631-47,Klevops,121594-51T,08/01/2019,Merger/Acquisition,,Generating Revenue,Business/Productivity Software,200692-00P,Prince Kohli,01/12/2022
264980-08,277640-65,Vault Health,121606-03T,04/18/2019,Early Stage VC (Series A),30.0,Generating Revenue,Clinics/Outpatient Services,,,01/12/2022
97437-16,277897-06,Serenity Kids,121956-13T,07/24/2019,Seed Round,1.5,Generating Revenue,Food Products,,,01/12/2022
51586-57,279419-77,ZBS CRM,122175-46T,08/16/2019,Merger/Acquisition,,Generating Revenue,Business/Productivity Software,,,01/12/2022
52816-87,225716-59,Grove,122520-52T,08/25/2019,Merger/Acquisition,,Generating Revenue,Financial Software,,,01/12/2022
101710-18,166012-21,Techspace (Rebranded),123060-70T,04/30/2019,Merger/Acquisition,,Generating Revenue,Other Commercial Services,100185-31P,JD Jamie J. Hodari,01/12/2022
57523-60,127261-72,ParallelM,123125-95T,06/20/2019,Merger/Acquisition,,Generating Revenue,Business/Productivity Software,54099-55P,Jeremy Achin,01/12/2022
279602-02,55516-06,Scratch Wireless,123598-54T,03/01/2016,Merger/Acquisition,,Generating Revenue,Wireless Service Providers,,,01/12/2022
227380-15,300916-54,Dindog Tech,123607-27T,06/01/2018,Angel (individual),0.17714896,Generating Revenue,Therapeutic Devices,,,01/12/2022
64520-11,303535-90,The Storage Fox,123685-57T,09/20/2019,Merger/Acquisition,152.0,Generating Revenue,Other Services (B2C Non-Financial),39424-42P,Ari Mir,01/12/2022
264980-08,279810-28,Ever/Body,123942-43T,11/07/2018,Early Stage VC (Series A),3.0,Generating Revenue,Personal Products,,,01/12/2022
97913-89,91677-97,ElectSolve,124017-49T,10/17/2018,Merger/Acquisition,,Generating Revenue,IT Consulting and Outsourcing,80601-40P,Robert M Nawy,01/12/2022
54782-29,231414-22,Rapyd,124155-01T,10/01/2019,Later Stage VC (Series C),104.014027,Generating Revenue,Financial Software,,,01/12/2022
226402-66,267450-22,Braidy Atlas Mill,124394-41T,05/16/2019,Joint Venture,,Generating Revenue,Other Commercial Products,17856-82P,Craig T. Bouchard,01/12/2022
167599-00,51022-18,PopSugar,124411-87T,10/07/2019,Merger/Acquisition,300.0,Generating Revenue,Publishing,41619-43P,Benjamin Lerer,01/12/2022
223869-34,228508-75,LyGenesis,125063-92T,10/21/2019,Early Stage VC,4.0,Clinical Trials - Phase 2,Drug Discovery,89445-70P,MD Gregory Hugh Bailey,01/12/2022
338706-37,108490-78,Altius Space Machines,125374-69T,10/23/2019,Merger/Acquisition,,Generating Revenue,Aerospace and Defense,213961-24P,Matthew J. Kuta,01/12/2022
53903-17,339887-53,X-ID,125565-58T,05/30/2019,Merger/Acquisition,,Generating Revenue,Application Software,,,01/12/2022
56845-00,97826-77,The Players' Tribune,126015-94T,11/21/2019,Merger/Acquisition,,Generating Revenue,Publishing,49154-59P,Asaf Peled,01/12/2022
97913-89,54236-26,N-Dimension Solutions,126253-18T,11/12/2019,Merger/Acquisition,,Generating Revenue,Network Management Software,,,01/12/2022
228246-58,342136-00,Airgraft,126374-95T,08/20/2019,Early Stage VC (Series B),25.000003,Generating Revenue,Other Consumer Non-Durables,,,01/12/2022
107666-29,266630-14,Nifty Gateway,126608-32T,11/19/2019,Merger/Acquisition,,Generating Revenue,Financial Software,50871-34P,Cameron Winklevoss,01/12/2022
166325-05,343182-79,Privacy Core (e-learning solution),127266-94T,11/20/2019,Corporate Asset Purchase,,,Buildings and Property,145236-88P,Kabir Barday,01/12/2022
64520-11,343475-47,Omni (Storage Business),127628-92T,05/18/2019,Merger/Acquisition,,Generating Revenue,Other Services (B2C Non-Financial),39424-42P,Ari Mir,01/12/2022
62878-78,155181-43,Rylo,127806-67T,12/10/2019,Merger/Acquisition,,Generating Revenue,Electronics (B2C),,,01/12/2022
57523-60,55616-41,Paxata,128017-81T,12/12/2019,Merger/Acquisition,,Generating Revenue,Business/Productivity Software,54099-55P,Jeremy Achin,01/12/2022
164234-62,266435-56,AKESOgen,128103-58T,12/11/2019,Merger/Acquisition,,Generating Revenue,Laboratory Services (Healthcare),36661-15P,JD Eric P. Lefkofsky,01/12/2022
167599-00,59947-21,The Dodo,128268-37T,12/01/2016,Merger/Acquisition,,Generating Revenue,Information Services (B2C),,,01/12/2022
162754-03,265326-31,Mashtraxx,128482-57T,10/01/2019,Merger/Acquisition,,Generating Revenue,Multimedia and Design Software,179327-08P,Mike Lu,01/12/2022
169067-89,230958-64,Rocket Dollar,128892-16T,03/29/2020,Equity Crowdfunding,0.468182,Generating Revenue,Other Capital Markets/Institutions,,,01/12/2022
95733-46,157414-33,Cathyos Labs,128954-17T,11/05/2019,Merger/Acquisition,,Generating Revenue,Consulting Services (B2B),200692-00P,Prince Kohli,01/12/2022
54782-29,179338-15,Jobstart,129125-35T,,Merger/Acquisition,,Generating Revenue,Human Capital Services,,,01/12/2022
53903-17,54709-93,Appsperse,129233-71T,,Merger/Acquisition,,Generating Revenue,Media and Information Services (B2B),,,01/12/2022
91796-05,399447-01,Sound+,129666-52T,08/08/2018,Seed Round,2.95403987,Startup,Application Specific Semiconductors,,,01/12/2022
81943-03,399694-96,Ventic,130310-56T,01/22/2020,Joint Venture,,Generating Revenue,Application Software,37288-09P,Raj Kanaya,01/12/2022
56845-00,89446-60,FanSided,130620-61T,01/24/2020,Merger/Acquisition,15.0,Generating Revenue,Information Services (B2C),49154-59P,Asaf Peled,01/12/2022
54782-29,343034-20,Fast (Application Software),130711-87T,04/17/2020,Early Stage VC (Series A),19.999995,Generating Revenue,Application Software,54091-54P,Jordan Angelos,01/12/2022
51586-57,234021-16,Strattic,130904-38T,02/26/2020,Seed Round,6.5,Generating Revenue,Systems and Information Management,,,01/12/2022
233543-98,431198-65,1190 Sports,131423-32T,01/01/2019,Joint Venture,,Generating Revenue,Media and Information Services (B2B),,,01/12/2022
54782-29,265244-86,Twic,132637-51T,09/19/2019,Seed Round,2.5,Generating Revenue,Human Capital Services,,,01/12/2022
432832-87,178126-39,Edwin (Educational Software),132907-33T,03/02/2020,Merger/Acquisition,,Generating Revenue,Educational Software,224167-06P,Ivan Crewkov,01/12/2022
169067-89,268024-24,Fleeting,133207-03T,07/11/2020,Equity Crowdfunding,1.07,Generating Revenue,Logistics,,,01/12/2022
264980-08,277640-65,Vault Health,133432-84T,11/05/2018,Seed Round,1.7,Generating Revenue,Clinics/Outpatient Services,,,01/12/2022
54782-29,265405-96,Assembled,133457-77T,03/11/2020,Early Stage VC (Series A),3.100002,Generating Revenue,Business/Productivity Software,,,01/12/2022
264995-74,235077-31,Trelar Logistics,133744-78T,03/10/2020,Merger/Acquisition,,Generating Revenue,Business/Productivity Software,200830-06P,Joseph Spinelli,01/12/2022
112027-33,162694-90,Finrise,133867-45T,12/22/2017,Merger/Acquisition,,Generating Revenue,Financial Software,,,01/12/2022
101984-86,227220-94,6D.ai,134369-29T,03/31/2020,Merger/Acquisition,,Generating Revenue,Software Development Applications,47982-79P,John Hanke,01/12/2022
84696-04,387008-74,Data Futures,134668-72T,,Merger/Acquisition,,Generating Revenue,IT Consulting and Outsourcing,,,01/12/2022
135335-89,434004-58,Lead Docket,134842-33T,04/03/2020,Merger/Acquisition,,Generating Revenue,Business/Productivity Software,166954-87P,Ryan Anderson,01/12/2022
150350-77,266621-77,A-Frame Ventures,135208-72T,04/17/2020,Merger/Acquisition,,Generating Revenue,Consulting Services (B2B),36699-40P,Alex Kinnier,01/12/2022
169067-89,122301-01,Fig,135237-70T,04/17/2020,Merger/Acquisition,,Generating Revenue,Other Capital Markets/Institutions,,,01/12/2022
113971-33,13291-39,EmergingMed,135242-74T,11/01/2016,Merger/Acquisition,,Generating Revenue,Information Services (B2C),147077-65P,Brian Z. Weiss,01/12/2022
148801-60,268351-84,Gilead Sciences (GS-6637),135363-79T,02/16/2017,Corporate Asset Purchase,,,Buildings and Property,48728-08P,Peter Strumph,01/12/2022
56329-93,433187-74,Tri-Cura,135478-63T,04/23/2020,Merger/Acquisition,,Generating Revenue,Business/Productivity Software,45499-06P,Gene Wang,01/12/2022
51586-57,176799-43,Frontity,135597-07T,04/22/2020,Later Stage VC,1.0915819,Generating Revenue,Software Development Applications,,,01/12/2022
178355-08,56809-72,Jump,136308-34T,05/11/2020,Merger/Acquisition,,Generating Revenue,Electronics (B2C),,,01/12/2022
53526-34,169751-89,Physera,136751-59T,05/19/2020,Merger/Acquisition,30.0,Generating Revenue,Application Software,,,01/12/2022
51586-57,102156-94,Element (Communication Software),136848-43T,05/20/2020,Early Stage VC (Series A),4.23009113,Generating Revenue,Communication Software,47497-69P,Matthew C. Mullenweg,01/12/2022
63351-28,435400-21,Tip Yourself,136913-95T,01/01/2019,Merger/Acquisition,,Generating Revenue,Application Software,,,01/12/2022
223869-34,435620-35,Juvenomics,137282-14T,06/01/2020,Joint Venture,,Generating Revenue,Drug Discovery,89445-70P,MD Gregory Hugh Bailey,01/12/2022
57523-60,435967-75,Boston Consulting Group (Source AI Technology),137823-31T,06/09/2020,Merger/Acquisition,,Generating Revenue,Business/Productivity Software,54099-55P,Jeremy Achin,01/12/2022
81943-03,436028-68,Aeris Japan K.K.,137911-42T,07/13/2016,Joint Venture,,Generating Revenue,IT Consulting and Outsourcing,37288-09P,Raj Kanaya,01/12/2022
169067-89,171434-71,Republic Real Estate (Real Estate Investment Trusts),138078-55T,06/15/2020,Merger/Acquisition,,Generating Revenue,Real Estate Investment Trusts (REITs),182036-89P,Matt Melbourne,01/12/2022
57523-60,436142-98,Zeff,138124-81T,05/12/2020,Merger/Acquisition,,Generating Revenue,Business/Productivity Software,,,01/12/2022
54782-29,118978-21,Monzo,138166-84T,02/15/2021,Later Stage VC (Series G),287.21850355,Generating Revenue/Not Profitable,Other Commercial Banks,,,01/12/2022
340772-14,436375-63,Joint Venture (Texas Mineral Resources / USA Rare Earth),138528-82T,08/28/2018,Joint Venture,10.0,Generating Revenue,"Other Metals, Minerals and Mining",,,01/12/2022
166325-05,158754-79,Integris Software,138965-41T,06/29/2020,Merger/Acquisition,,Generating Revenue,Network Management Software,145236-88P,Kabir Barday,01/12/2022
338706-37,436985-83,Pioneer Astronautics,139748-77T,07/13/2020,Merger/Acquisition,,Generating Revenue,Aerospace and Defense,213961-24P,Matthew J. Kuta,01/12/2022
162754-03,437190-58,Halogen Networks,140052-52T,07/14/2020,Merger/Acquisition,,Generating Revenue,Other Media,213788-35P,Bobby Sarnevesht,01/12/2022
162423-37,436771-90,Tifo Football,140161-96T,04/07/2020,Merger/Acquisition,,Generating Revenue,Publishing,,,01/12/2022
162423-37,436771-63,Muddy Knees Media,140162-77T,06/14/2020,Merger/Acquisition,,Generating Revenue,Publishing,236128-87P,David Ortenberg,01/12/2022
454254-94,56686-15,Therapure Biopharma,140197-87T,10/01/2020,Merger/Acquisition,,Profitable,Biotechnology,15776-56P,Ph.D Rahul Singhvi,01/12/2022
264980-08,437511-97,Proper Labs,140416-03T,07/24/2020,Early Stage VC (Series A),9.5,Generating Revenue,Personal Products,,,01/12/2022
223869-34,437578-48,Juvenescence AI,140442-40T,07/26/2017,Joint Venture,,Generating Revenue,Drug Discovery,,,01/12/2022
51699-25,437661-10,Joint Venture (VIA Motors International / Zhejiang Geely New Energy Commercial Vehicle),140591-62T,01/22/2018,Joint Venture,,Generating Revenue,Road,137117-71P,Peter Guile,01/12/2022
48540-97,437690-71,Payfone (mobile authentication),140630-77T,07/29/2020,Merger/Acquisition,,Generating Revenue,Other Commercial Services,35452-09P,Rodger Desai,01/12/2022
171669-43,226155-43,NXT Factory,140898-79T,08/13/2020,Merger/Acquisition,,Generating Revenue,Other Hardware,36606-16P,Abraham N. Reichental,01/12/2022
54782-29,169088-77,Stedi,149093-74T,08/17/2020,Early Stage VC (Series B),50.100009,Generating Revenue,Business/Productivity Software,,,01/12/2022
64152-28,227656-90,Cyware,149104-72T,01/11/2021,Early Stage VC (Series A),10.0,Generating Revenue,Network Management Software,70465-24P,Orion Hindawi,01/12/2022
54782-29,185001-58,Bloom Institute of Technology,153752-32T,08/05/2020,Later Stage VC (Series C),74.0,Generating Revenue,Educational and Training Services (B2C),,,01/12/2022
64736-56,438453-28,RNAimmune,155018-89T,08/24/2020,Seed Round,2.35,Startup,Drug Discovery,,,01/12/2022
161539-12,233426-53,Vayo,155420-02T,09/01/2020,Merger/Acquisition,,Generating Revenue,Business/Productivity Software,35482-15P,Amit Bendov,01/12/2022
340772-14,438731-65,Hitachi (Neo Magnet Manufacturing Plant),155482-75T,04/07/2020,Corporate Asset Purchase,,,Buildings and Property,,,01/12/2022
54782-29,59883-49,CarbonCure,156393-01T,08/26/2020,Later Stage VC,,Generating Revenue,Specialty Chemicals,,,01/12/2022
121699-99,186604-21,DeepCode,156550-51T,09/23/2020,Merger/Acquisition,,Generating Revenue,Software Development Applications,35988-13P,Peter C. McKay,01/12/2022
178355-08,55286-65,Boosted USA,156564-28T,04/17/2020,Merger/Acquisition,,Generating Revenue,Recreational Goods,,,01/12/2022
314489-53,52827-85,Numerate,156601-36T,11/01/2019,Merger/Acquisition,,Generating Revenue,Discovery Tools (Healthcare),206232-31P,Ph.D David Berry,01/12/2022
54782-29,277350-67,PayMongo,156668-86T,09/24/2020,Early Stage VC (Series A),14.717441,Generating Revenue,Financial Software,42057-55P,Noah Pepper,01/12/2022
53346-43,148844-53,Regal Software,156676-69T,09/23/2020,Merger/Acquisition,,Generating Revenue,Financial Software,193770-64P,Micah Remley,01/12/2022
53346-43,142833-79,Inspyrus,156677-23T,09/24/2020,Merger/Acquisition,,Generating Revenue,Financial Software,193770-64P,Micah Remley,01/12/2022
55871-56,154489-42,Mix & Burn,156770-38T,,Merger/Acquisition,,Generating Revenue,Other Commercial Products,,,01/12/2022
54782-29,439579-54,publica.la,156800-53T,07/20/2020,Seed Round,0.25,Generating Revenue,Internet Software,,,01/12/2022
265525-21,442142-20,AXSD Media,157102-75T,09/11/2020,Joint Venture,,Generating Revenue,"Movies, Music and Entertainment",,,01/12/2022
54782-29,265342-51,Charm Industrial,157168-54T,05/09/2019,Seed Round,3.500001,Generating Revenue,Environmental Services (B2B),,,01/12/2022
222259-96,437916-25,Moment House,157174-93T,10/06/2020,Early Stage VC (Series A),1.5,Generating Revenue,Entertainment Software,,,01/12/2022
54782-29,433412-83,Pulley,157575-88T,10/21/2020,Early Stage VC (Series A),10.0,Generating Revenue,Financial Software,54091-54P,Jordan Angelos,01/12/2022
53939-98,442563-85,Customer Engagement Platform (Braze / Japan Cloud),157648-42T,10/12/2020,Joint Venture,,Generating Revenue,Other Commercial Services,40610-35P,Bill Magnuson,01/12/2022
54782-29,155871-28,Paystack,157692-79T,10/15/2020,Merger/Acquisition,200.0,Generating Revenue,Financial Software,40315-69P,Patrick Collison,01/12/2022
167599-00,118647-28,Petplan,157874-41T,10/19/2020,Corporate,,Profitable,Other Insurance,41619-43P,Benjamin Lerer,01/12/2022
264980-08,438130-81,Anomaly (Other Healthcare Technology Systems),158041-27T,01/01/2020,Seed Round,5.0,Generating Revenue,Other Healthcare Technology Systems,212999-50P,Jacob Shiff,01/12/2022
264980-08,442841-23,HealthQuarters,158087-08T,04/30/2020,Early Stage VC (Series A),10.0,Generating Revenue,Media and Information Services (B2B),,,01/12/2022
54782-29,343034-20,Fast (Application Software),158706-46T,01/26/2021,Early Stage VC (Series B),102.0,Generating Revenue,Application Software,,,01/12/2022
264980-08,434982-61,Springtide Child Development,158980-69T,11/10/2020,Early Stage VC (Series A),18.126561,Generating Revenue,Clinics/Outpatient Services,,,01/12/2022
169067-89,115043-23,NextSeed,159656-68T,11/16/2020,Merger/Acquisition,,Generating Revenue,Financial Software,168240-79P,Kendrick Nguyen,01/12/2022
338706-37,453546-37,The Launch Company,159876-73T,04/01/2021,Merger/Acquisition,,Generating Revenue,Aerospace and Defense,213961-24P,Matthew J. Kuta,01/12/2022
114079-78,229239-73,Trident Acquisitions,160215-76T,02/21/2021,Merger/Acquisition,440.0,Generating Revenue,Special Purpose Acquisition Company (SPAC),101025-64P,Tony DiMatteo,01/12/2022
54782-29,433064-08,Check (IT Consulting and Outsourcing),160255-45T,01/27/2021,Early Stage VC (Series B),35.0,Generating Revenue,IT Consulting and Outsourcing,,,01/12/2022
183473-74,52452-91,Centurion Life Insurance,160362-73T,09/14/2021,Merger/Acquisition,,Generating Revenue,Multi-line Insurance,169828-12P,Melbourne O'Banion,01/12/2022
163154-17,454389-76,Helia,160381-00T,12/01/2020,Merger/Acquisition,,Generating Revenue,Business/Productivity Software,141082-48P,Alexandr Wang,01/12/2022
54782-29,109062-82,Step (Financial Software),160422-31T,12/02/2020,Early Stage VC (Series B),49.999999,Generating Revenue,Financial Software,54091-54P,Jordan Angelos,01/12/2022
266344-84,56283-31,Power Practical,160441-48T,04/07/2020,Merger/Acquisition,,Generating Revenue,Alternative Energy Equipment,,,01/12/2022
62878-78,227453-05,Trash,160537-24T,12/03/2020,Merger/Acquisition,,Generating Revenue,Multimedia and Design Software,66613-96P,Joel Flory,01/12/2022
264980-08,442443-88,MedArrive,160537-42T,,Accelerator/Incubator,,Generating Revenue,Clinics/Outpatient Services,244555-30P,William Sullivan,01/12/2022
54782-29,438307-30,Safepay (Financial Software),161010-73T,12/05/2020,Seed Round,,Generating Revenue,Financial Software,42057-55P,Noah Pepper,01/12/2022
266344-84,455227-12,Yardline,161229-07T,12/29/2020,Early Stage VC,11.5,Generating Revenue,Specialized Finance,,,01/12/2022
266344-84,455370-40,Maximo Fitness,163253-35T,12/17/2020,Merger/Acquisition,,Generating Revenue,Other Consumer Durables,,,01/12/2022
181953-10,458088-31,SchoolHouse,164009-62T,10/19/2020,Seed Round,8.10157,Generating Revenue,Educational and Training Services (B2C),,,01/12/2022
170132-05,458052-22,Granite State Independent Insurance,164022-40T,12/21/2020,Merger/Acquisition,,Generating Revenue,Insurance Brokers,155800-45P,Jeffrey Mongeon,01/12/2022
338706-37,55225-99,NanoRacks,164076-40T,05/10/2021,Merger/Acquisition,,Generating Revenue,Aerospace and Defense,38078-47P,Dylan E. Taylor,01/12/2022
264980-08,458135-74,Jasper (Other Healthcare Technology Systems),164087-56T,11/07/2018,Early Stage VC (Series A),3.0,Generating Revenue,Other Healthcare Technology Systems,,,01/12/2022
166438-45,233813-89,Ike Robotics,164090-26T,01/05/2021,Merger/Acquisition,,Generating Revenue,Road,145666-36P,Ph.D Dave Ferguson,01/12/2022
104186-71,439078-15,REJECT,164105-56T,11/30/2020,Grant,0.04505302,Generating Revenue,Entertainment Software,,,01/12/2022
155608-48,339936-22,Silofit,164171-35T,07/29/2021,Early Stage VC (Series A),10.23238438,Generating Revenue,Leisure Facilities,,,01/12/2022
101984-86,222307-03,Mayhem,164396-35T,01/05/2021,Merger/Acquisition,,Generating Revenue,Entertainment Software,47982-79P,John Hanke,01/12/2022
56265-94,458368-12,Accrue,164430-01T,05/17/2021,Early Stage VC,0.675,Generating Revenue,Financial Software,,,01/12/2022
57987-28,458354-89,Wirehive,164465-65T,01/05/2021,Merger/Acquisition,,Generating Revenue,Systems and Information Management,44602-48P,John W. Street,01/12/2022
54782-29,160553-89,Pico (Business/Productivity Software),164592-82T,04/19/2021,Seed Round,6.559992,Generating Revenue,Business/Productivity Software,,,01/12/2022
51586-57,458519-95,WYSIJA,164642-68T,12/07/2020,Merger/Acquisition,,Generating Revenue,Media and Information Services (B2B),49819-87P,Paul Maiorana,01/12/2022
93161-17,458534-08,ELUX Marine,164654-56T,01/05/2021,Merger/Acquisition,,Generating Revenue,Marine,88534-90P,Andrew Rebele,01/12/2022
183118-51,458643-79,Fusion5 Healthcare Solutions,164813-86T,12/31/2020,Merger/Acquisition,,Generating Revenue,Enterprise Systems (Healthcare),181221-67P,Thomas A Gallagher,01/12/2022
107666-29,226494-10,Blockrize,164931-13T,07/25/2020,Merger/Acquisition,,Generating Revenue,Other Financial Services,43338-52P,Tyler Winklevoss,01/12/2022
264980-08,436439-53,Calibrate,165644-56T,01/26/2021,Early Stage VC (Series A),22.5,Generating Revenue,Other Healthcare Technology Systems,45302-86P,Kira Wampler,01/12/2022
163154-17,225251-38,Careteam Technologies,165777-40T,05/04/2020,Grant,0.5,Generating Revenue,Enterprise Systems (Healthcare),,,01/12/2022
121699-99,186106-42,Manifold (Business/Productivity Software),165783-52T,01/28/2021,Merger/Acquisition,,Generating Revenue,Business/Productivity Software,,,01/12/2022
101984-86,459520-21,Gowalla,165965-41T,01/28/2021,Seed Round,4.0,Generating Revenue,Entertainment Software,,,01/12/2022
223414-39,183409-93,BudTender,166076-56T,02/02/2021,Merger/Acquisition,,Generating Revenue,Media and Information Services (B2B),176609-26P,Jeffrey Harris,01/12/2022
54782-29,459130-42,Balance (B2B Payments),166183-48T,02/03/2021,Seed Round,5.499994,Generating Revenue,Financial Software,,,01/12/2022
51586-57,51519-16,Parse.ly,166407-85T,02/08/2021,Merger/Acquisition,,Profitable,Business/Productivity Software,60628-15P,Nick Gernert,01/12/2022
54782-29,453422-71,Accord,166584-52T,04/02/2020,Seed Round,6.0,Product In Beta Test,Business/Productivity Software,,,01/12/2022
266344-84,461818-09,Bonstato,167212-00T,,Merger/Acquisition,,Generating Revenue,Home Furnishings,241848-01P,Stephanie Fox,01/12/2022
166325-05,268530-22,Redacted.ai,167449-60T,02/25/2021,Merger/Acquisition,,Generating Revenue,Business/Productivity Software,,,01/12/2022
223869-34,228508-75,LyGenesis,167713-03T,12/30/2020,Early Stage VC,11.3,Clinical Trials - Phase 2,Drug Discovery,,,01/12/2022
131241-61,462251-71,Hubert Burda Media (Tailcat Search Engine),167802-58T,03/03/2021,Corporate Asset Purchase,,Generating Revenue,Buildings and Property,120142-18P,Brendan Eich,01/12/2022
169255-36,224557-30,Arrys Therapeutics,167930-83T,12/01/2018,Merger/Acquisition,,Generating Revenue,Drug Discovery,,,01/12/2022
264980-08,462168-10,Duos,167939-56T,11/04/2020,Early Stage VC (Series A),3.0,Generating Revenue,Other Healthcare Technology Systems,,,01/12/2022
126186-94,62195-68,Enso,168206-23T,03/09/2021,Merger/Acquisition,,Generating Revenue,Therapeutic Devices,206172-73P,MD Jeff Krauss,01/12/2022
169067-89,432607-24,Pipe (Other Financial Services),168211-72T,07/25/2021,Early Stage VC,250.0,Generating Revenue,Other Financial Services,,,01/12/2022
162754-03,462584-71,Triller (Verzuz the Online Music Battle Platform),168220-36T,03/09/2021,Corporate Asset Purchase,,,Buildings and Property,,,01/12/2022
223869-34,225264-70,Portage Pharmaceuticals,168230-17T,03/04/2021,Merger/Acquisition,244.0,Generating Revenue,Biotechnology,89445-70P,MD Gregory Hugh Bailey,01/12/2022
140932-00,92314-81,Smarter Travel Media,168250-69T,07/16/2020,Merger/Acquisition,,Generating Revenue,Information Services (B2C),,,01/12/2022
54782-29,265405-96,Assembled,168342-04T,03/12/2021,Early Stage VC (Series A1),16.599986,Generating Revenue,Business/Productivity Software,,,01/12/2022
268005-34,225708-58,Fetch.AI,168360-85T,03/10/2021,Early Stage VC,5.0,Generating Revenue,Software Development Applications,63416-26P,Michael Shaulov,01/12/2022
454254-94,462735-64,Sanofi (Allston Facility),168411-43T,02/15/2021,Merger/Acquisition,,Generating Revenue,Buildings and Property,274888-81P,Ryan Flinn,01/12/2022
266344-84,463008-16,Mayfair Brands (Amazon),168746-32T,03/17/2021,Merger/Acquisition,,Generating Revenue,Internet Retail,45508-24P,Carlos Cashman,01/12/2022
54782-29,64376-56,Cleartax,168929-02T,10/24/2021,Later Stage VC (Series C),75.0,Generating Revenue,Financial Software,,,01/12/2022
114079-78,463289-05,Aganar,169136-20T,06/01/2021,Merger/Acquisition,,Generating Revenue,Entertainment Software,,,01/12/2022
114079-78,463288-87,JuegaLotto,169138-09T,06/01/2021,Merger/Acquisition,,Generating Revenue,Entertainment Software,101025-64P,Tony DiMatteo,01/12/2022
48540-97,96318-10,Medici,169210-27T,03/24/2021,Merger/Acquisition,,Generating Revenue,Media and Information Services (B2B),35452-09P,Rodger Desai,01/12/2022
166325-05,56024-11,Convercent,169267-06T,04/14/2021,Merger/Acquisition,,Generating Revenue,Business/Productivity Software,145236-88P,Kabir Barday,01/12/2022
169255-36,462365-20,Amplify Medicines,169299-28T,10/01/2020,Merger/Acquisition,13.724,Generating Revenue,Other Pharmaceuticals and Biotechnology,,,01/12/2022
54782-29,226728-64,Pilot (Financial Software),169322-05T,03/26/2021,Later Stage VC (Series C),99.999999,Generating Revenue,Financial Software,,,01/12/2022
107666-29,463417-57,RECUR,169335-19T,03/25/2021,Seed Round,5.0,Startup,Financial Software,,,01/12/2022
54782-29,277837-93,Ramp (Financial Software),169474-24T,04/08/2021,Early Stage VC (Series B),115.0,Generating Revenue,Financial Software,,,01/12/2022
51119-56,171551-62,Addy (Media and Information Services),169551-46T,03/30/2021,Merger/Acquisition,,Generating Revenue,Media and Information Services (B2B),38190-61P,Stephen McCarthy,01/12/2022
56265-94,92783-08,Preferred Return,169631-56T,02/18/2021,Merger/Acquisition,,Generating Revenue,Financial Software,,,01/12/2022
171581-59,463911-58,Joint Venture (Tia / CommonSpirit Health),169706-71T,03/31/2021,Joint Venture,,Generating Revenue,Clinics/Outpatient Services,142067-71P,Carolyn Witte,01/12/2022
59273-38,56309-23,Kloudless,169906-51T,01/29/2021,Merger/Acquisition,,Generating Revenue,Business/Productivity Software,,,01/12/2022
114079-78,65234-17,Sports.com,169931-62T,04/05/2021,Merger/Acquisition,,Generating Revenue/Not Profitable,Information Services (B2C),101025-64P,Tony DiMatteo,01/12/2022
60683-68,279853-30,Approve.com,170186-86T,06/30/2021,Merger/Acquisition,40.0,Generating Revenue,Business/Productivity Software,61708-42P,Chen Amit,01/12/2022
454254-94,63640-90,Ology Bioservices,170215-12T,04/12/2021,Merger/Acquisition,,Generating Revenue,Pharmaceuticals,15776-56P,Ph.D Rahul Singhvi,01/12/2022
162754-03,170400-79,Amplify.ai,170355-34T,04/14/2021,Merger/Acquisition,,Generating Revenue,Business/Productivity Software,179327-08P,Mike Lu,01/12/2022
264980-08,463095-64,Intrinsic (Other Commercial Services),170387-47T,04/01/2021,Early Stage VC (Series A1),113.0,Generating Revenue,Other Commercial Services,,,01/12/2022
57081-79,117130-06,EnjoyHQ,170429-41T,04/15/2021,Merger/Acquisition,,Generating Revenue,Business/Productivity Software,127617-76P,Andrew Jensen,01/12/2022
162754-03,57779-74,Fite,170561-35T,04/14/2021,Merger/Acquisition,,Generating Revenue,Entertainment Software,179327-08P,Mike Lu,01/12/2022
64736-56,438453-28,RNAimmune,170848-99T,04/21/2021,Seed Round,9.999999,Startup,Drug Discovery,,,01/12/2022
184216-96,98380-00,Grapevine Village,170932-87T,04/21/2021,Merger/Acquisition,,Generating Revenue,Media and Information Services (B2B),161215-75P,Jordan T. Greenfield,01/12/2022
266344-84,465487-03,VA Relief,171133-57T,04/09/2021,Merger/Acquisition,,Generating Revenue,Consulting Services (B2B),,,01/12/2022
54782-29,109062-82,Step (Financial Software),171193-51T,04/27/2021,Later Stage VC (Series C),99.999982,Generating Revenue,Financial Software,54091-54P,Jordan Angelos,01/12/2022
54782-29,61929-28,TaxJar,171204-40T,,Merger/Acquisition,,Profitable,Financial Software,53532-91P,Dhivya Suryadevara,01/12/2022
107666-29,464481-64,Onramp Invest,171289-45T,08/03/2021,Seed Round,6.0,Generating Revenue,Financial Software,,,01/12/2022
314489-53,465706-99,TrialzOWN,171444-25T,03/01/2019,Merger/Acquisition,,Stealth,Other Pharmaceuticals and Biotechnology,,,01/12/2022
51006-43,60712-12,Secucloud,171551-35T,04/01/2021,Merger/Acquisition,,Generating Revenue,Network Management Software,59331-16P,Ashwath Nagaraj,01/12/2022
166325-05,325146-34,Shared Assessments,171600-13T,05/31/2021,Merger/Acquisition,,Generating Revenue,IT Consulting and Outsourcing,145236-88P,Kabir Barday,01/12/2022
112950-64,52110-19,Reed & Mackay,171613-18T,05/05/2021,Merger/Acquisition,,Profitable,"Other Restaurants, Hotels and Leisure",86853-79P,Daniel Finkel,01/12/2022
58085-83,88772-23,RateGenius,171652-51T,07/19/2021,Merger/Acquisition,,Profitable,Other Financial Services,96044-86P,Seth Curtis Meyer,01/12/2022
179288-02,279949-42,Capiche,171696-52T,04/15/2021,Merger/Acquisition,,Generating Revenue,Business/Productivity Software,209565-10P,Ryan Neu,01/12/2022
84944-89,171603-46,PhoneWagon,171726-76T,05/06/2021,Merger/Acquisition,,Generating Revenue,Business/Productivity Software,89749-45P,Andy Powell,01/12/2022
57987-28,323913-25,Sea-Level Operations,171889-57T,05/10/2021,Merger/Acquisition,,Generating Revenue,Education and Training Services (B2B),128111-14P,Nick Heddy,01/12/2022
126271-54,158846-05,Aurora Acquisition,171942-13T,05/11/2021,Merger/Acquisition,,Generating Revenue/Not Profitable,Special Purpose Acquisition Company (SPAC),,,01/12/2022
135335-89,229316-86,Outlaw,171959-32T,05/11/2021,Merger/Acquisition,,Generating Revenue,Legal Services (B2B),166954-87P,Ryan Anderson,01/12/2022
57523-60,91929-88,Zepl,171963-19T,05/11/2021,Merger/Acquisition,,Generating Revenue,Database Software,141901-66P,JD Dan Wright,01/12/2022
121699-99,466092-28,FossID,172006-21T,05/12/2021,Merger/Acquisition,,Generating Revenue,Application Software,35988-13P,Peter C. McKay,01/12/2022
54782-29,340758-91,Bouncer,172157-59T,05/14/2021,Merger/Acquisition,,Generating Revenue,Financial Software,262745-38P,Simon Arscott,01/12/2022
56265-94,433414-45,YearEnd,172208-17T,03/25/2021,Merger/Acquisition,,Generating Revenue,"Accounting, Audit and Tax Services (B2B)",,,01/12/2022
185987-80,390101-41,Aviation Marine Insurance Services,172545-04T,05/18/2021,Merger/Acquisition,,Generating Revenue,Insurance Brokers,170340-22P,Spike Lipkin,01/12/2022
340786-63,466787-71,Kyma Therapeutics,172746-82T,05/25/2021,Joint Venture,,Generating Revenue,Drug Discovery,45460-18P,Errik B. Anderson,01/12/2022
101710-18,57324-25,Breather,172900-09T,05/27/2021,Merger/Acquisition,3.0,Generating Revenue,Buildings and Property,,,01/12/2022
48540-97,119945-98,UnifyID,173282-77T,06/01/2021,Merger/Acquisition,,Generating Revenue,Network Management Software,35452-09P,Rodger Desai,01/12/2022
52649-65,138009-70,CardioLabs,173346-49T,06/02/2021,Merger/Acquisition,,Generating Revenue,Clinics/Outpatient Services,208632-34P,Priya Abani,01/12/2022
225695-62,54175-69,Privy,173510-20T,06/04/2021,Merger/Acquisition,,Generating Revenue,Business/Productivity Software,46780-75P,Brian Culbertson Long,01/12/2022
264980-08,462168-10,Duos,173948-68T,06/08/2021,Seed Round,6.0,Generating Revenue,Other Healthcare Technology Systems,63212-32P,Missy Krasner,01/12/2022
107666-29,467645-86,Shard X,174038-68T,06/09/2021,Merger/Acquisition,,Generating Revenue,Financial Software,43338-52P,Tyler Winklevoss,01/12/2022
225695-62,231462-64,Tone,174063-88T,06/09/2021,Merger/Acquisition,,Generating Revenue,Communication Software,46780-75P,Brian Culbertson Long,01/12/2022
91796-05,277740-28,WITiNMEM,174163-06T,02/01/2021,Early Stage VC (Series A3),15.43729218,Generating Revenue,Application Specific Semiconductors,,,01/12/2022
91796-05,467715-16,Aimore Acoustics,174164-32T,01/01/2019,Early Stage VC,,Generating Revenue,Electronics (B2C),,,01/12/2022
51586-57,327367-99,Bloom Built,174361-60T,06/14/2021,Merger/Acquisition,,Generating Revenue,Business/Productivity Software,,,01/12/2022
169067-89,467799-13,Deeper Network,174441-16T,04/09/2021,Seed Round,6.0,Generating Revenue,Network Management Software,,,01/12/2022
52180-93,467925-31,Platformer Cloud,174484-00T,06/16/2021,Merger/Acquisition,,Generating Revenue,Business/Productivity Software,37127-71P,Ph.D Sanjiva Weerawarana,01/12/2022
266344-84,455227-12,Yardline,174625-39T,06/16/2021,Merger/Acquisition,,Generating Revenue,Specialized Finance,,,01/12/2022
56979-10,468896-77,Oral Biologics for Cardiometabolic Diseases (Lumen Bioscience / Novo Nordisk),174694-69T,06/16/2021,Joint Venture,,Generating Revenue,Drug Discovery,29882-98P,JD Brian R. Finrow,01/12/2022
107518-60,231392-89,Travera,174932-56T,02/20/2018,Early Stage VC (Series A1),0.85,Generating Revenue,Biotechnology,,,01/12/2022
266344-84,469244-26,Harperton,175374-64T,04/01/2021,Merger/Acquisition,,Generating Revenue,Accessories,267319-09P,Danny Boockvar,01/12/2022
232135-12,62644-69,Verto Analytics,175650-67T,06/15/2021,Merger/Acquisition,,Generating Revenue,Media and Information Services (B2B),192016-72P,Armen Adjemian,01/12/2022
57987-28,469599-85,Resello,175888-18T,07/06/2021,Merger/Acquisition,,Generating Revenue,Systems and Information Management,44602-48P,John W. Street,01/12/2022
51586-57,469617-04,Castos,175904-47T,07/02/2021,Seed Round,0.756,Generating Revenue,Entertainment Software,,,01/12/2022
266344-84,469720-99,Wise Owl Outfitters,176061-79T,05/14/2021,Merger/Acquisition,,Generating Revenue,Recreational Goods,,,01/12/2022
98956-00,458648-02,HealthCor Catalio Acquisition,176067-91T,12/22/2021,Merger/Acquisition,,Generating Revenue/Not Profitable,Special Purpose Acquisition Company (SPAC),232046-74P,Ph.D Jonathan Rothberg,01/12/2022
126271-54,153276-04,Trussle,176186-71T,07/14/2021,Merger/Acquisition,12.48870235,Generating Revenue,Other Financial Services,44066-44P,Vishal Garg,01/12/2022
340786-63,469844-02,Vernal Biosciences,176306-32T,05/24/2021,Seed Round,1.5,Generating Revenue,Drug Discovery,45460-18P,Errik B. Anderson,01/12/2022
185987-80,100291-96,ABD Insurance & Financial Services,176585-14T,08/19/2021,Merger/Acquisition,1350.0,Generating Revenue,Commercial/Professional Insurance,170340-22P,Spike Lipkin,01/12/2022
51586-57,228342-07,Pocket Casts,176656-96T,07/16/2021,Merger/Acquisition,,Generating Revenue,Entertainment Software,,,01/12/2022
51586-57,102156-94,Element (Communication Software),177197-77T,07/27/2021,Early Stage VC (Series B),30.14157126,Generating Revenue,Communication Software,,,01/12/2022
314489-53,167492-62,Courier Therapeutics,177221-98T,07/27/2021,Merger/Acquisition,10.0,Pre-Clinical Trials,Drug Discovery,206232-31P,Ph.D David Berry,01/12/2022
57523-60,65436-40,Algorithmia,177233-68T,07/27/2021,Merger/Acquisition,,Generating Revenue,Business/Productivity Software,141901-66P,JD Dan Wright,01/12/2022
54782-29,277837-93,Ramp (Financial Software),177510-61T,09/06/2021,Later Stage VC (Series C),350.74996,Generating Revenue,Financial Software,,,01/12/2022
268474-42,234366-22,Aperture (Real Estate Services (B2C)),177592-87T,01/01/2020,Merger/Acquisition,,Generating Revenue,Real Estate Services (B2C),,,01/12/2022
279633-07,327070-00,What Would Virginia Woolf Do?,177603-67T,08/02/2021,Merger/Acquisition,,Generating Revenue,Social Content,209770-03P,Alexa Wahr,01/12/2022
167915-26,114101-83,Drafted,177661-00T,08/03/2021,Merger/Acquisition,,Generating Revenue,Human Capital Services,100424-17P,Sumir Meghani,01/12/2022
51586-57,471066-58,Titan Mail,177676-12T,08/03/2021,Early Stage VC (Series A),30.0,Generating Revenue,Communication Software,,,01/12/2022
266258-80,169194-70,Zeitgold,177690-25T,08/03/2021,Merger/Acquisition,,Generating Revenue,Financial Software,173651-23P,Alexandre Bouaziz,01/12/2022
107666-29,226546-30,Messari,177832-36T,08/05/2021,Early Stage VC (Series A),20.999951,Generating Revenue,Media and Information Services (B2B),,,01/12/2022
57056-23,433108-45,Rocos,178051-69T,08/10/2021,Merger/Acquisition,,Generating Revenue,Business/Productivity Software,49610-62P,Michael Winn,01/12/2022
101984-86,471347-56,Scaniverse,178082-92T,08/10/2021,Merger/Acquisition,,Generating Revenue,Entertainment Software,,,01/12/2022
107666-29,267623-02,Guesser,178173-82T,08/10/2021,Merger/Acquisition,,Generating Revenue,Financial Software,215081-29P,Marshall Beard,01/12/2022
170195-23,236944-90,Nirveda Cognition,178256-26T,08/13/2021,Merger/Acquisition,,Generating Revenue,Business/Productivity Software,196904-89P,Naveen Tiwary,01/12/2022
223869-34,461914-57,Relation Therapeutics,178472-71T,12/02/2019,Seed Round,1.6,Startup,Biotechnology,41644-36P,David Roblin,01/12/2022
54782-29,459130-42,Balance (B2B Payments),178657-84T,08/20/2021,Early Stage VC (Series A),24.999906,Generating Revenue,Financial Software,,,01/12/2022
264980-08,442443-88,MedArrive,178847-56T,11/17/2021,Early Stage VC (Series A),25.0,Generating Revenue,Clinics/Outpatient Services,,,01/12/2022
97267-96,168850-99,Charlie,179011-54T,08/16/2021,Merger/Acquisition,,Generating Revenue,Financial Software,,,01/12/2022
107666-29,443060-02,Notabene (Financial Software),179089-39T,11/08/2021,Early Stage VC (Series A),10.2,Generating Revenue,Business/Productivity Software,,,01/12/2022
266344-84,472034-71,BenStores,179118-01T,08/01/2021,Merger/Acquisition,,Generating Revenue,Internet Retail,,,01/12/2022
51586-57,176799-43,Frontity,179167-42T,08/30/2021,Merger/Acquisition,,Generating Revenue,Software Development Applications,,,01/12/2022
266344-84,454412-17,Angry Orange,179485-12T,11/01/2018,Merger/Acquisition,1.4,Generating Revenue,Distributors/Wholesale,38169-82P,Joshua Silberstein,01/12/2022
54782-29,63690-31,Sendwave,179631-55T,09/02/2021,Later Stage VC (Series A),247.638212,Generating Revenue,Financial Software,,,01/12/2022
51586-57,472549-69,Social Image Generator,179836-84T,09/09/2021,Merger/Acquisition,,Generating Revenue,Software Development Applications,,,01/12/2022
126271-54,97243-75,Property Partner,179839-81T,09/03/2021,Merger/Acquisition,,Generating Revenue,Financial Software,,,01/12/2022
107666-29,439188-58,X-Margin,179929-00T,09/13/2021,Early Stage VC (Series A),10.164964,Generating Revenue,Financial Software,,,01/12/2022
454254-94,481203-28,Garuda Therapeutics,179945-29T,09/09/2021,Early Stage VC (Series A),72.0,Startup,Drug Discovery,15776-56P,Ph.D Rahul Singhvi,01/12/2022
107666-29,463417-57,RECUR,179954-47T,09/13/2021,Early Stage VC (Series A),50.0,Startup,Financial Software,,,01/12/2022
266344-84,481247-92,SafeRest,180021-34T,09/08/2021,Merger/Acquisition,,Generating Revenue,Household Products,45508-24P,Carlos Cashman,01/12/2022
266344-84,481248-10,Danjor Linens,180021-79T,09/08/2021,Merger/Acquisition,,Generating Revenue,Home Furnishings,45508-24P,Carlos Cashman,01/12/2022
126186-94,106671-07,wrnch,180269-11T,09/17/2021,Merger/Acquisition,,Generating Revenue,Multimedia and Design Software,55434-61P,Ph.D Daniel Perez,01/12/2022
56374-48,136467-55,HVR Software,180362-89T,10/01/2021,Merger/Acquisition,700.0,Generating Revenue,Business/Productivity Software,47900-53P,Ph.D George Fraser,01/12/2022
54782-29,170527-06,TrueLayer,180391-42T,09/21/2021,Later Stage VC (Series E),130.0,Generating Revenue,Financial Software,,,01/12/2022
166325-05,277390-99,Tugboat Logic,180425-62T,09/21/2021,Merger/Acquisition,,Generating Revenue,IT Consulting and Outsourcing,,,01/12/2022
52833-61,231953-05,Hydrow,180442-09T,09/21/2021,Early Stage VC,123.12353,Generating Revenue,Recreational Goods,,,01/12/2022
169067-89,481543-48,Portal (Financial Software),180470-17T,09/21/2021,Early Stage VC,8.5,Generating Revenue,Financial Software,276009-04P,Brain Johnson,01/12/2022
264980-08,277407-55,Clever Care Health Plan,180503-11T,09/22/2021,Early Stage VC (Series B),70.999997,Generating Revenue,Life and Health Insurance,,,01/12/2022
54782-29,481743-55,Archive Technologies,180703-81T,11/03/2021,Early Stage VC,4.068,Generating Revenue,Media and Information Services (B2B),280592-38P,Chris Sperandio,01/12/2022
57523-60,435131-47,Decision AI,180787-33T,09/28/2021,Merger/Acquisition,,Generating Revenue,Business/Productivity Software,,,01/12/2022
58354-39,165965-23,Uncanny Vision,180951-94T,09/30/2021,Merger/Acquisition,,Generating Revenue,Business/Productivity Software,35739-55P,Dean Drako,01/12/2022
226588-15,482002-12,Tessellation,181040-23T,10/01/2021,Merger/Acquisition,,Generating Revenue,Consulting Services (B2B),181252-72P,Ryan Bosshart,01/12/2022
107666-29,481982-05,meow Technologies,181081-09T,10/01/2021,Early Stage VC,5.0,Generating Revenue,Financial Software,,,01/12/2022
266344-84,268327-18,Lifelong (Household Appliances),181098-37T,10/04/2021,Merger/Acquisition,,Profitable,Household Appliances,,,01/12/2022
103159-27,482068-63,Young Bright and Grey,181174-69T,10/04/2021,Merger/Acquisition,,Generating Revenue,Media and Information Services (B2B),277417-18P,Sara Wilde McKeown,01/12/2022
338706-37,384913-81,Valley Tech Systems,181192-69T,10/04/2021,Merger/Acquisition,,Generating Revenue,Aerospace and Defense,38078-47P,Dylan E. Taylor,01/12/2022
101984-86,433402-66,Hoss (IT Consulting and Outsourcing),181237-60T,10/05/2021,Merger/Acquisition,,Generating Revenue,IT Consulting and Outsourcing,277522-57P,Kei Kawai,01/12/2022
59273-38,277674-67,Trace Data,181361-35T,,Merger/Acquisition,,Generating Revenue,Network Management Software,,,01/12/2022
169067-89,435484-54,OPGames,181399-51T,10/07/2021,Seed Round,8.6,Generating Revenue,Entertainment Software,,,01/12/2022
266344-84,482263-03,Vybe Percussion,181412-92T,01/01/2021,Merger/Acquisition,,Generating Revenue,Personal Products,,,01/12/2022
266344-84,482366-17,Zeenk,181572-58T,10/11/2021,Early Stage VC,,Generating Revenue,Media and Information Services (B2B),,,01/12/2022
169067-89,361317-52,Arcana (Software Development Applications),181627-84T,10/13/2021,Early Stage VC,2.3,Generating Revenue,Software Development Applications,,,01/12/2022
266344-84,327397-60,Circadian Optics,181657-90T,01/01/2020,Merger/Acquisition,1.0,Generating Revenue,Electronics (B2C),,,01/12/2022
399549-25,482595-85,TCRyption,181811-53T,10/15/2021,Merger/Acquisition,,Pre-Clinical Trials,Biotechnology,179808-67P,Ph.D Michael Tusche,01/12/2022
169067-89,462708-28,Element Finance,181903-06T,10/19/2021,Early Stage VC (Series A),31.999793,Generating Revenue,Financial Software,,,01/12/2022
107666-29,458487-10,Spruce (Business/Productivity Software),181919-89T,10/01/2021,Early Stage VC (Series A),7.599998,Generating Revenue,Business/Productivity Software,,,01/12/2022
103383-01,167805-10,Office App,181922-05T,10/19/2021,Merger/Acquisition,,Generating Revenue,Other Commercial Services,44318-53P,Chase Garbarino,01/12/2022
54782-29,268427-98,Recko,181956-61T,10/20/2021,Merger/Acquisition,,Generating Revenue,Financial Software,48329-92P,JD William Gaybrick,01/12/2022
264980-08,438130-81,Anomaly (Other Healthcare Technology Systems),181986-13T,10/19/2021,Early Stage VC (Series A1),17.119597,Generating Revenue,Other Healthcare Technology Systems,212999-50P,Jacob Shiff,01/12/2022
169067-89,482791-60,MonkeyBall (Entertainment Software),182062-00T,10/21/2021,Early Stage VC,3.0,Startup,Entertainment Software,,,01/12/2022
340786-63,56386-09,Lanier Biotherapeutics,182179-81T,09/30/2021,Merger/Acquisition,,Generating Revenue,Drug Discovery,,,01/12/2022
264980-08,438446-08,Together Senior Health,182189-89T,09/20/2021,Merger/Acquisition,,Generating Revenue,Other Healthcare Technology Systems,,,01/12/2022
340786-63,483195-34,Wheeler Bio,182339-11T,07/21/2021,Joint Venture,,Generating Revenue,Other Healthcare Technology Systems,45460-18P,Errik B. Anderson,01/12/2022
121699-99,327397-78,CloudSkiff,182801-80T,10/29/2021,Merger/Acquisition,,Generating Revenue,Software Development Applications,35988-13P,Peter C. McKay,01/12/2022
235957-69,232015-51,ProGuides,182900-89T,11/02/2021,Merger/Acquisition,,Generating Revenue,Educational and Training Services (B2C),200080-81P,Ph.D Wayne E. Mackey,01/12/2022
454254-94,184847-05,bit.bio,182968-48T,11/05/2021,Later Stage VC (Series B),141.01520911,Generating Revenue,Drug Discovery,,,01/12/2022
163154-17,433941-13,Scale Nucleus,182970-10T,11/03/2021,Merger/Acquisition,,Generating Revenue,Database Software,141082-48P,Alexandr Wang,01/12/2022
51586-57,483540-49,WPScan,182987-02T,11/04/2021,Merger/Acquisition,,Generating Revenue,Network Management Software,280680-94P,Steve Seear,01/12/2022
163154-17,483582-25,Swype (Financial Software),183038-14T,05/25/2021,Early Stage VC,0.35,Startup,Financial Software,,,01/12/2022
223414-39,459672-58,Tuatara Capital Acquisition,183196-90T,11/09/2021,Merger/Acquisition,,Generating Revenue/Not Profitable,Special Purpose Acquisition Company (SPAC),176609-26P,Jeffrey Harris,01/12/2022
56845-00,483714-28,Wazimo,183224-35T,11/10/2021,Merger/Acquisition,70.0,Generating Revenue,IT Consulting and Outsourcing,49154-59P,Asaf Peled,01/12/2022
155402-02,399697-39,Soluble,183292-57T,11/11/2021,Merger/Acquisition,,Generating Revenue,Network Management Software,60475-06P,Jay Parikh,01/12/2022
58354-39,53680-15,Brivo Systems,183413-35T,11/10/2021,PIPE,75.0,Generating Revenue,Database Software,,,01/12/2022
169067-89,438612-67,Arora Project,183417-40T,11/10/2021,Merger/Acquisition,,Generating Revenue,Other Financial Services,,,01/12/2022
268005-34,483900-40,The Three Kingdoms,183463-66T,10/04/2021,Early Stage VC,0.41121926,Generating Revenue,Entertainment Software,,,01/12/2022
54782-29,458649-28,Imprint Payments,183473-47T,11/15/2021,Early Stage VC (Series A),38.0,Generating Revenue,Financial Software,280592-38P,Chris Sperandio,01/12/2022
169067-89,481876-39,Kibo Finance,183682-18T,11/18/2021,Seed Round,1.5,Generating Revenue,Financial Software,282016-63P,Andrew Durgee,01/12/2022
454254-94,471563-29,Cellevolve,183698-74T,11/18/2021,Seed Round,6.0,Clinical Trials - Phase 2,Biotechnology,,,01/12/2022
162754-03,55959-67,Thuzio,183863-71T,11/22/2021,Merger/Acquisition,,Generating Revenue,Media and Information Services (B2B),44728-30P,Mahi De Silva,01/12/2022
338706-37,266882-14,Space Micro,183865-78T,11/22/2021,Merger/Acquisition,,Generating Revenue,Aerospace and Defense,38078-47P,Dylan E. Taylor,01/12/2022
455982-04,40999-24,Autonomy,184026-97T,11/24/2021,Merger/Acquisition,,Generating Revenue,Business/Productivity Software,35767-54P,Scott Painter,01/12/2022
158217-22,399134-71,CHP Merger,184034-35T,11/15/2021,Merger/Acquisition,,Generating Revenue/Not Profitable,Special Purpose Acquisition Company (SPAC),,,01/12/2022
264980-08,436439-53,Calibrate,184103-74T,06/24/2020,Seed Round,5.1,Generating Revenue,Other Healthcare Technology Systems,,,01/12/2022
51586-57,482061-52,Cogsy,184176-19T,11/05/2021,Seed Round,5.0,Generating Revenue,Logistics,,,01/12/2022
114079-78,243824-77,Tinbu,184316-41T,08/28/2018,Merger/Acquisition,12.674635,Generating Revenue,Media and Information Services (B2B),,,01/12/2022
169067-89,54765-91,Seedrs,184400-92T,12/01/2021,Merger/Acquisition,100.89731344,Generating Revenue/Not Profitable,Other Financial Services,168240-79P,Kendrick Nguyen,01/12/2022
101984-86,232092-28,Lowkey,184401-82T,12/01/2021,Merger/Acquisition,,Generating Revenue,Social/Platform Software,47982-79P,John Hanke,01/12/2022
454254-94,279861-67,SwiftScale Biologics,184563-28T,12/02/2021,Merger/Acquisition,,Generating Revenue,Drug Discovery,15776-56P,Ph.D Rahul Singhvi,01/12/2022
54782-29,152939-26,OpenChannel,184695-13T,12/06/2021,Merger/Acquisition,,Generating Revenue,Software Development Applications,42109-03P,John Collison,01/12/2022
166325-05,433974-07,Planetly,184726-90T,12/08/2021,Merger/Acquisition,,Generating Revenue,Business/Productivity Software,,,01/12/2022
54782-29,129776-68,Sendowl,184761-19T,12/07/2021,Seed Round,4.5,Generating Revenue,Business/Productivity Software,,,01/12/2022
55362-16,438531-31,Mindbloom (Clinics/Outpatient Services),184871-98T,03/20/2014,Merger/Acquisition,,Generating Revenue,Clinics/Outpatient Services,43511-59P,Jeffrey H. Margolis,01/12/2022
340786-63,433524-88,deepCDR,184889-80T,12/09/2021,Merger/Acquisition,,Generating Revenue,Discovery Tools (Healthcare),45460-18P,Errik B. Anderson,01/12/2022
54782-29,488980-45,Burrata,184944-07T,12/09/2021,Seed Round,7.75,Startup,Application Software,280592-38P,Chris Sperandio,01/12/2022
51586-57,489006-55,Hoppscotch,185147-11T,12/13/2021,Seed Round,3.0,Generating Revenue,Software Development Applications,,,01/12/2022
266344-84,128946-61,IdeaStream Consumer Products,185185-54T,,Merger/Acquisition,,Generating Revenue,Other Consumer Durables,45508-24P,Carlos Cashman,01/12/2022
104504-05,483717-61,RailsData Software,185230-45T,11/10/2021,Merger/Acquisition,,Generating Revenue,,36295-66P,Vijay Tella,01/12/2022
264980-08,467802-73,UpLift (Clinics/Outpatient Services),185269-24T,12/14/2021,Seed Round,8.0,Generating Revenue,Clinics/Outpatient Services,,,01/12/2022
54782-29,489243-25,Eve (Insurance Services),185401-27T,07/19/2019,Seed Round,2.0,Generating Revenue,Commercial/Professional Insurance,,,01/12/2022
339804-37,231672-61,BrewBike,185452-48T,12/20/2021,Later Stage VC,3.0,Generating Revenue,Beverages,,,01/12/2022
95733-46,185741-47,FortressIQ,185604-40T,12/22/2021,Merger/Acquisition,,Generating Revenue,Business/Productivity Software,106059-61P,Mihir Shukla,01/12/2022
169067-89,489432-16,Planet Mojo,185633-11T,12/22/2021,Early Stage VC,5.0,Startup,"Movies, Music and Entertainment",,,01/12/2022
54782-29,489440-35,Rally Interactive,185642-56T,12/07/2021,Merger/Acquisition,,Generating Revenue,IT Consulting and Outsourcing,,,01/12/2022
124143-31,466948-18,CleanTech Acquisition,185906-26T,12/17/2021,Merger/Acquisition,,Generating Revenue/Not Profitable,Special Purpose Acquisition Company (SPAC),114064-21P,Nicolaus Adam Radford,01/12/2022
163903-69,436431-43,Replica Analytics,185939-02T,01/04/2022,Merger/Acquisition,,Generating Revenue,Database Software,142535-98P,Jeremy A. Rassen,01/12/2022
340786-63,483195-34,Wheeler Bio,186088-69T,01/04/2022,Seed Round,14.000001,Generating Revenue,Other Healthcare Technology Systems,45460-18P,Errik B. Anderson,01/12/2022
57987-28,489820-06,TVG,186145-57T,01/06/2022,Merger/Acquisition,,Generating Revenue,IT Consulting and Outsourcing,44602-48P,John W. Street,01/12/2022
57238-48,489911-32,Innoleo,186315-31T,01/10/2022,Merger/Acquisition,,Generating Revenue,Distributors/Wholesale,84290-68P,Mark Miller,01/12/2022
163154-17,489921-13,Design With Frank,186326-38T,,Seed Round,,Generating Revenue,Multimedia and Design Software,,,01/12/2022
340786-63,489925-72,Broadwing Bio,186330-25T,12/07/2020,Joint Venture,,Generating Revenue,Biotechnology,45460-18P,Errik B. Anderson,01/12/2022
53575-12,434793-79,totemo,186364-63T,01/11/2022,Merger/Acquisition,,Generating Revenue,Network Management Software,46540-27P,Jonathan Yaron,01/12/2022
