CompanyID,MorningstarCode,MorningstarDescription,LastUpdated
169255-36,20610010,Biotechnology,01/12/2022
65692-18,20650010,Medical Devices,01/12/2022
58165-57,20610010,Biotechnology,01/12/2022
53939-98,31110020,Software - Application,01/12/2022
118452-97,20610010,Biotechnology,01/12/2022
267407-56,20610010,Biotechnology,01/12/2022
98956-00,20650010,Medical Devices,01/12/2022
114079-78,10290010,Gambling,01/12/2022
464310-37,20610010,Biotechnology,01/12/2022
168118-66,20610010,Biotechnology,01/12/2022
51452-29,20660010,Diagnostics & Research,01/12/2022
64736-56,20610010,Biotechnology,01/12/2022
