CompanyID,SicCode,SicDescription,LastUpdated
51452-29,8071,Services-medical laboratories,01/12/2022
51452-29,8734,Services-testing laboratories,01/12/2022
52258-60,6199,Finance services,01/12/2022
53939-98,7372,Services-prepackaged software,01/12/2022
55401-40,6141,Personal credit institutions,01/12/2022
58165-57,2833,Medicinal chemicals & botanical products,01/12/2022
58165-57,2834,Pharmaceutical preparations,01/12/2022
58421-98,3851,Ophthalmic goods,01/12/2022
65692-18,3826,Laboratory analytical instruments,01/12/2022
65692-18,3845,Electromedical & electrotherapeutic apparatus,01/12/2022
98956-00,5047,"Wholesale-medical, dental & hospital equipment & supplies",01/12/2022
98956-00,3844,X-ray apparatus & tubes & related irradiation apparatus,01/12/2022
98956-00,3845,Electromedical & electrotherapeutic apparatus,01/12/2022
114079-78,7372,Services-prepackaged software,01/12/2022
114079-78,7948,"Services-racing, including track operation",01/12/2022
118452-97,2834,Pharmaceutical preparations,01/12/2022
168118-66,2834,Pharmaceutical preparations,01/12/2022
169255-36,2834,Pharmaceutical preparations,01/12/2022
169255-36,2836,"Biological products, (no disgnostic substances)",01/12/2022
180925-39,6153,Short-term business credit institutions,01/12/2022
222110-11,6199,Finance services,01/12/2022
226402-66,3350,Rolling drawing & extruding of nonferrous metals,01/12/2022
267407-56,2834,Pharmaceutical preparations,01/12/2022
340772-14,3295,"Minerals and Earths, Ground or Otherwise Treated",01/12/2022
439214-59,7372,Services-prepackaged software,01/12/2022
464310-37,2834,Pharmaceutical preparations,01/12/2022
