CompanyID,PersonID,PersonName,CompanyIDHeld,CompanyNameHeld,RoleOnBoard,Industry,Location,StartDate,LastUpdated
55362-16,43511-59P,Jeffrey Margolis,55137-34,Predilytics,Board Member,Enterprise Systems (Healthcare),"Burlington, MA",,01/12/2022
54782-29,86581-00P,Greg Brockman,65613-88,Stellar Development Foundation,Board Member,Financial Software,"San Francisco, CA",07/31/2014,01/12/2022
223869-34,89445-70P,Gregory Bailey MD,228508-75,LyGenesis,Board Member,Drug Discovery,"Pittsburgh, PA",05/09/2018,01/12/2022
54782-29,54091-54P,Jordan Angelos,109062-82,Step (Financial Software),Board Member,Financial Software,"Palo Alto, CA",06/06/2019,01/12/2022
167599-00,41619-43P,Benjamin Lerer,118647-28,Petplan,Board Member,Other Insurance,"Newtown Square, PA",10/19/2020,01/12/2022
264980-08,63212-32P,Missy Krasner,434982-61,Springtide Child Development,Board Member,Clinics/Outpatient Services,"Trumbull, CT",,01/12/2022
338706-37,213961-24P,Matthew Kuta,108490-78,Altius Space Machines,Board Member,Aerospace and Defense,"Broomfield, CO",01/01/2020,01/12/2022
338706-37,211698-01P,Michael Bowker,108490-78,Altius Space Machines,Board Member,Aerospace and Defense,"Broomfield, CO",10/14/2019,01/12/2022
338706-37,38078-47P,Dylan Taylor,108490-78,Altius Space Machines,Board Member,Aerospace and Defense,"Broomfield, CO",01/01/2020,01/12/2022
264980-08,45302-86P,Kira Wampler,186458-32,Candid Care,Board Member,Therapeutic Devices,"New York, NY",,01/12/2022
264980-08,244555-30P,William Sullivan,442443-88,MedArrive,Board Member,Clinics/Outpatient Services,"New York, NY",,01/12/2022
264980-08,45302-86P,Kira Wampler,436439-53,Calibrate,Board Member,Other Healthcare Technology Systems,"New York, NY",,01/12/2022
64736-56,93870-37P,Patrick Lu Ph.D,438453-28,RNAimmune,Chairman,Drug Discovery,"Gaithersburg, MD",,01/12/2022
340786-63,45460-18P,Errik Anderson,469844-02,Vernal Biosciences,Board Member,Drug Discovery,"Colchester, VT",,01/12/2022
223869-34,82881-82P,James Mellon,62422-03,Insilico Medicine,Board Member,Drug Discovery,"Hong Kong, Hong Kong",07/18/2017,01/12/2022
264980-08,76098-88P,Erin Carnish,438130-81,Anomaly (Other Healthcare Technology Systems),Board Member,Other Healthcare Technology Systems,"New York, NY",,01/12/2022
