DealID,DebtRound,FacilityID,LenderID,LenderName,LenderType,DebtAmount,PIK,LenderAmount,DebtProvided,MaturityDate,Spread_InterestRate,Seniority,Subordination,Security,Term,Rate,AdditionalDebtCharacteristics,LastUpdated
21118-06T,1,14405-86D,11266-84,Versant Ventures,Other Service Provider Type,2.0,,,Loan,,,,,,,,,01/12/2022
54568-54T,2,12922-66D,11135-53,Oxford Finance,Lender,13.5,,,Loan,,,Senior,,Secured,Term Loan,,,01/12/2022
118818-01T,1,17992-00D,11135-53,Oxford Finance,Lender,60.0,,60.0,Loan,,,Senior,,Secured,Term Loan,,,01/12/2022
115906-42T,1,17746-03D,11135-53,Oxford Finance,Lender,20.0,,20.0,Loan,,,Senior,,Secured,Term Loan,,,01/12/2022
21118-06T,1,14405-86D,54198-82,Frog & Peach Investors,Lender,2.0,,,Loan,,,,,,,,,01/12/2022
48616-39T,1,12886-21D,41737-33,Square 1 Bank,Commercial Bank,3.0,,3.0,Loan,,,,,,,,,01/12/2022
83149-48T,1,12285-64D,42997-42,Victory Park Capital,Lender,100.0,,100.0,Other,,,,,,,,,01/12/2022
122195-44T,1,18372-61D,51001-66,Trinity Capital,Lender,10.0,,10.0,Loan,,,,,,,,,01/12/2022
170850-43T,1,40759-48D,170284-69,Vista Credit Partners,Lender,106.653089,,,Bridge,,,,,,,,Convertible,01/12/2022
97305-31T,1,14046-76D,11264-32,ORIX Growth Capital,Lender,,,,Loan,,,,,,Term Loan,,,01/12/2022
82176-31T,1,16675-30D,53506-36,Link Ventures,Lender,1.0,,1.0,Revolving Credit Line,,,,,,,,,01/12/2022
82176-31T,2,11514-79D,53506-36,Link Ventures,Lender,1.0,,1.0,Other,,,,,,,,,01/12/2022
114886-81T,1,17632-09D,63429-58,Business Capital,Lender,8.0,,8.0,Loan,,,,,,,,Mezzanine,01/12/2022
171333-01T,1,40792-51D,99985-51,Community Investment Management,Lender,100.0,,100.0,Loan,,,,,,,,,01/12/2022
136470-61T,1,19596-52D,55500-67,Espresso Capital,Lender,8.0,,8.0,Loan,,,,,,,,,01/12/2022
174400-21T,1,41469-31D,25165-45,Pacific Western Bank (Los Angeles),Commercial Bank,30.0,,30.0,Loan,,,Senior,,,,,,01/12/2022
120850-48T,1,19393-93D,161651-98,Ruby Ventures,Lender,,,,Loan,,,,,,,,,01/12/2022
169994-89T,1,40633-84D,62482-96,Camco Clean Energy,Lender,12.0,,3.0,Loan,,,Senior,,Secured,,,,01/12/2022
164980-45T,1,37245-16D,11212-30,Horizon Technology Finance BDC,Business Development Company,8.0,,8.0,Loan,,,,,,,,,01/12/2022
46316-98T,1,11096-11D,11212-30,Horizon Technology Finance BDC,Business Development Company,2.0,,2.0,Loan,11/01/2017,10.5,,,,,Floating,Floating,01/12/2022
39589-66T,1,10123-12D,41737-33,Square 1 Bank,Commercial Bank,10.0,,10.0,Loan,,,,,,Term Loan,,,01/12/2022
162976-51T,1,36198-01D,100465-66,Westlake Services,Lender,400.0,,400.0,Loan,,,,,,,,,01/12/2022
114886-00T,1,17632-00D,52271-11,First West Capital,Mezzanine,,,,Loan,,,,,,,,Mezzanine,01/12/2022
158839-57T,1,33813-28D,233883-91,Mountain Pacific Venture Partners,Lender,,,,Loan,,,,,,,,,01/12/2022
36872-20T,1,12921-04D,51001-66,Trinity Capital,Lender,5.0,,5.0,Other,,,,,,,,,01/12/2022
45700-93T,1,10394-74D,51001-66,Trinity Capital,Lender,4.0,,4.0,Other,,,,,,,,,01/12/2022
33439-69T,1,14770-63D,42997-42,Victory Park Capital,Lender,50.0,,50.0,Revolving Credit Line,,,,,,,,,01/12/2022
45737-74T,1,10433-98D,51001-66,Trinity Capital,Lender,3.0,,,Loan,,,,,,,,,01/12/2022
114028-12T,1,17546-86D,41449-96,Pacific Mercantile Bank,Commercial Bank,11.0,,11.0,Loan,,,,,,,,,01/12/2022
78858-37T,1,13471-21D,51001-66,Trinity Capital,Lender,3.5,,3.5,Loan,,,,,,,,,01/12/2022
168344-65T,8,40446-91D,234695-26,Bain Capital Specialty Finance BDC,Business Development Company,12.522,,12.522,Revolving Credit Line,12/18/2026,,Senior,,First Lien,,,,01/12/2022
168344-65T,7,40508-74D,10427-50,Blackrock Capital Investment Corporation BDC,Business Development Company,33.858253,,4.708253,Loan,12/18/2026,7.0,Senior,,First Lien,,Floating,Floating,01/12/2022
168344-65T,7,40508-74D,343168-03,Goldman Sachs Private Middle Market Credit II BDC,Business Development Company,33.858253,,14.02,Loan,12/18/2026,7.0,Senior,,First Lien,,Floating,Floating,01/12/2022
168344-65T,7,40508-74D,110331-01,Goldman Sachs BDC,Business Development Company,33.858253,,15.13,Loan,12/18/2026,7.0,Senior,,First Lien,,Floating,Floating,01/12/2022
168344-65T,2,40535-65D,343127-98,Oaktree Strategic Income II BDC,Business Development Company,23.146604,,5.933604,Loan,12/18/2026,7.0,,,First Lien,Term Loan,Floating,Floating,01/12/2022
168344-65T,2,40535-65D,100422-73,Oaktree Specialty Lending BDC,Business Development Company,23.146604,,17.213,Loan,12/18/2026,7.0,,,First Lien,Term Loan,Floating,Floating,01/12/2022
168344-65T,1,40535-74D,100422-73,Oaktree Specialty Lending BDC,Business Development Company,15.272106,,11.355,Loan,12/18/2026,7.0,,,First Lien,Delayed Draw Term Loan,Floating,Floating,01/12/2022
168344-65T,1,40535-74D,343127-98,Oaktree Strategic Income II BDC,Business Development Company,15.272106,,3.917106,Loan,12/18/2026,7.0,,,First Lien,Delayed Draw Term Loan,Floating,Floating,01/12/2022
154554-76T,1,33050-53D,134058-43,Blue Ridge Bank And Trust,Commercial Bank,1.5713,,1.5713,Loan,,,,,,,,Government - PPP: $1-2 Million,01/12/2022
154091-62T,1,32587-12D,42988-42,BlueRidge Bank,Lender,1.66,,1.66,Loan,,,,,,,,Government - PPP: $1-2 Million,01/12/2022
154115-83T,1,32611-42D,10463-23,Silicon Valley Bank,Commercial Bank,,,,Loan,,,,,,,,"Government - PPP: $150,000-350,000",01/12/2022
154218-34T,1,32713-66D,10463-23,Silicon Valley Bank,Commercial Bank,,,,Loan,,,,,,,,Government - PPP: $2-5 Million,01/12/2022
28848-61T,1,11308-33D,11208-79,Hercules Capital,Business Development Company,5.0,,5.0,Loan,02/01/2017,8.25,Senior,,,,Floating,Floating,01/12/2022
154340-38T,1,32835-34D,146938-87,Celtic Bank,Commercial Bank,0.94,,0.94,Loan,,,,,,,,"Government - PPP: $350,000-1 Million",01/12/2022
28848-61T,2,11308-24D,11335-42,Western Technology Investment,Lender,,,,Loan,,,Senior,,,,,,01/12/2022
153996-67T,1,32492-62D,10169-29,Comerica Bank,Commercial Bank,,,,Loan,,,,,,,,Government - PPP: $1-2 Million,01/12/2022
154005-76T,1,32501-44D,10370-08,Citizens Bank,Commercial Bank,1.6725,,1.6725,Loan,,,,,,,,Government - PPP: $1-2 Million,01/12/2022
154375-48T,1,32869-72D,170031-70,First State Bank Nebraska,Commercial Bank,,,,Loan,,,,,,,,"Government - PPP: $350,000-1 Million",01/12/2022
154761-58T,1,33256-81D,178305-40,WebBank,Commercial Bank,,,,Loan,,,,,,,,"Government - PPP: $350,000-1 Million",01/12/2022
155233-18T,1,33507-46D,10552-96,Atlantic Union Bank,Commercial Bank,,,,Loan,,,,,,,,"Government - PPP: $150,000-350,000",01/12/2022
155965-87T,1,33530-77D,266263-39,Bigfoot Capital,Lender,,,,Loan,,,,,,,,,01/12/2022
154183-87T,1,32679-19D,10042-84,PNC,Commercial Bank,1.77,,1.77,Loan,,,,,,,,Government - PPP: $1-2 Million,01/12/2022
91450-54T,1,14074-93D,51001-66,Trinity Capital,Lender,10.0,,10.0,Loan,,,,,,,,,01/12/2022
169316-56T,4,40533-76D,114018-76,TriplePoint Venture Growth,Business Development Company,3.0,,3.0,Loan,12/31/2023,9.25,,,,,Fixed,Fixed,01/12/2022
154027-36T,1,32522-95D,10091-08,Bank of America,Commercial Bank,1.788824,,,Loan,,,,,,,,Government - PPP: $1-2 Million,01/12/2022
139549-42T,2,19922-77D,11335-42,Western Technology Investment,Lender,0.24783,,0.24783,Loan,01/01/2023,10.3,Senior,,Secured,,,,01/12/2022
33301-27T,1,14652-01D,10463-23,Silicon Valley Bank,Commercial Bank,,,,Revolving Credit Line,,,,,,,,,01/12/2022
21862-54T,1,10076-41D,11335-42,Western Technology Investment,Lender,,,,Loan,,,Senior,,,,,,01/12/2022
138681-64T,1,22497-85D,268162-84,IAG Capital Partners,Lender,9.0,,9.0,Loan,,,Senior,,,,,,01/12/2022
103169-44T,1,15755-86D,61882-57,IPF Partners,Lender,6.79886692,,6.79886692,Loan,,,Senior,,,,,,01/12/2022
31230-01T,1,13140-91D,11335-42,Western Technology Investment,Lender,,,,Loan,,,Senior,,,,,,01/12/2022
25093-90T,2,12933-01D,11208-79,Hercules Capital,Business Development Company,5.0,,5.0,Loan,03/01/2016,7.85,Senior,,,,Floating,Floating,01/12/2022
25093-90T,1,42105-34D,11208-79,Hercules Capital,Business Development Company,4.657,,4.657,Loan,,,,,,,,,01/12/2022
70781-32T,1,11848-42D,51001-66,Trinity Capital,Lender,2.0,,2.0,Loan,,,,,,,,,01/12/2022
70781-95T,1,11846-71D,51001-66,Trinity Capital,Lender,8.0,,8.0,Loan,,,,,,,,,01/12/2022
130702-06T,1,19590-94D,11208-79,Hercules Capital,Business Development Company,5.004,2.0,5.004,Loan,02/01/2023,4.0,Senior,,,,Floating,Floating,01/12/2022
37258-66T,1,13261-15D,11222-20,MoreVC,Lender,2.9,,,Loan,,,,,,,,,01/12/2022
129244-60T,1,19007-38D,52724-35,Colbeck Capital Management,Lender,110.0,,110.0,Loan,,,,,,,,,01/12/2022
127407-88T,1,18873-91D,53878-15,North Carolina Biotechnology Center,Lender,0.5,,0.5,Loan,,,,,,,,,01/12/2022
25831-63T,1,13515-13D,10765-99,Kreos Capital,Lender,,,,Loan,,,Senior,,,,,,01/12/2022
139553-83T,1,19923-76D,11335-42,Western Technology Investment,Lender,6.0,,6.0,Revolving Credit Line,11/30/2020,,,,,,,,01/12/2022
134920-99T,1,19421-65D,54605-17,Armentum Partners,Financing Advisory,8.0,,8.0,Loan,,,Senior,,,,,,01/12/2022
139966-66T,1,19957-69D,11335-42,Western Technology Investment,Lender,,,,Other,10/31/2019,,,,,,,,01/12/2022
139512-34T,2,19921-15D,11335-42,Western Technology Investment,Lender,1.286133,,1.286133,Loan,03/01/2023,12.0,Senior,,Secured,,,,01/12/2022
139554-19T,1,19923-85D,11335-42,Western Technology Investment,Lender,1.979763,,1.979763,Loan,09/01/2023,11.8,Senior,,Secured,,,,01/12/2022
140145-85T,3,19972-09D,11335-42,Western Technology Investment,Lender,0.09107,,0.09107,Loan,08/01/2024,12.0,Senior,,Secured,,,,01/12/2022
133040-44T,1,19252-27D,42323-32,Golub Capital BDC,Business Development Company,3.456,1.25,3.456,Loan,06/01/2024,7.5,,,,,Floating,"Unitranche, Floating",01/12/2022
133059-97T,1,19256-86D,55500-67,Espresso Capital,Lender,,,,Loan,,,,,,,,,01/12/2022
137615-59T,1,19733-59D,11212-30,Horizon Technology Finance BDC,Business Development Company,10.0,,10.0,Loan,10/01/2023,7.45,,,,Term Loan,Floating,Floating,01/12/2022
140145-85T,4,19972-00D,11335-42,Western Technology Investment,Lender,0.468457,,0.468457,Loan,04/01/2024,12.0,Senior,,Secured,,,,01/12/2022
121794-22T,4,18340-84D,114018-76,TriplePoint Venture Growth,Business Development Company,6.3,,6.3,Loan,10/31/2020,3.0,Junior,,,,Floating,"Mezzanine, Floating",01/12/2022
185746-24T,1,42817-33D,42961-06,Nomura Securities,Investment Bank,,,,Loan,,,,,,,,,01/12/2022
140145-85T,2,19972-18D,11335-42,Western Technology Investment,Lender,0.645188,,0.645188,Loan,06/01/2024,12.0,Senior,,Secured,,,,01/12/2022
140145-85T,1,19972-27D,11335-42,Western Technology Investment,Lender,0.457896,,0.457896,Loan,07/01/2024,12.0,Senior,,Secured,,,,01/12/2022
139938-40T,1,19955-26D,11335-42,Western Technology Investment,Lender,1.724265,,1.724265,Loan,08/01/2021,11.0,Senior,,Secured,,,,01/12/2022
184801-87T,1,42690-70D,52657-75,PennantPark Floating Rate Capital BDC,Business Development Company,1.514447,,0.894225,Revolving Credit Line,08/27/2026,,,,First Lien,,,,01/12/2022
184801-87T,1,42690-70D,118630-36,PennantPark Investment BDC,Business Development Company,1.514447,,0.620222,Revolving Credit Line,08/27/2026,,,,First Lien,,,,01/12/2022
139481-74T,1,19916-11D,11335-42,Western Technology Investment,Lender,12.5,,12.5,Revolving Credit Line,12/31/2020,,,,,,,,01/12/2022
139512-34T,1,19921-24D,11335-42,Western Technology Investment,Lender,1.95,,1.95,Revolving Credit Line,01/31/2021,,,,,,,,01/12/2022
137599-84T,2,19731-97D,11212-30,Horizon Technology Finance BDC,Business Development Company,9.0,,9.0,Loan,01/01/2025,7.5,,,,Term Loan,Floating,Floating,01/12/2022
137613-79T,1,19733-50D,11212-30,Horizon Technology Finance BDC,Business Development Company,13.749,,13.749,Loan,11/01/2021,8.7,,,,Term Loan,Floating,Floating,01/12/2022
139482-19T,1,19916-20D,11335-42,Western Technology Investment,Lender,2.475086,,2.475086,Loan,06/01/2023,10.3,Senior,,Secured,,,,01/12/2022
121794-22T,1,18341-20D,114018-76,TriplePoint Venture Growth,Business Development Company,2.306,,2.306,Loan,,,Junior,,,,,Mezzanine,01/12/2022
121900-60T,1,18346-51D,114018-76,TriplePoint Venture Growth,Business Development Company,6.087,,6.087,Loan,02/28/2022,9.5,,,,,,,01/12/2022
182566-99T,1,42424-75D,10463-23,Silicon Valley Bank,Commercial Bank,2.0,,2.0,Loan,,,,,,,,Government - PPP: $2-5 Million,01/12/2022
132706-09T,1,19218-61D,226892-17,Sector Financial,Lender,100.0,,100.0,Loan,,,,,,,,,01/12/2022
121403-98T,1,18701-47D,10043-83,The Goldman Sachs Group,Investment Bank,300.0,,300.0,Loan,,,,,,,,,01/12/2022
178702-48T,2,41948-65D,51748-75,Perceptive Advisors,Lender,10.0,,10.0,Loan,12/30/2025,9.5,Senior,,Secured,Term Loan A,,,01/12/2022
182042-20T,1,42297-13D,10463-23,Silicon Valley Bank,Commercial Bank,,,,Loan,,,,,,,,,01/12/2022
185703-31T,1,42809-14D,114018-76,TriplePoint Venture Growth,Business Development Company,10.0,,10.0,Loan,,,,,,,,,01/12/2022
179254-09T,2,42020-38D,439103-62,TriplePoint Private Venture Credit BDC,Business Development Company,2.0,,2.0,Revolving Credit Line,,,,,,,,,01/12/2022
178702-48T,1,41948-74D,51748-75,Perceptive Advisors,Lender,15.0,,15.0,Loan,12/30/2025,9.5,Senior,,Secured,Term Loan,,,01/12/2022
179251-48T,2,42019-39D,439103-62,TriplePoint Private Venture Credit BDC,Business Development Company,30.305,6.0,7.071,Loan,04/30/2025,6.0,Junior,,,,Fixed,"Mezzanine, Fixed",01/12/2022
179251-48T,2,42019-39D,114018-76,TriplePoint Venture Growth,Business Development Company,30.305,6.0,23.234,Loan,04/30/2025,6.0,Junior,,,,Fixed,"Mezzanine, Fixed",01/12/2022
178702-48T,3,41934-25D,51748-75,Perceptive Advisors,Lender,25.0,,25.0,Loan,12/30/2025,9.5,Senior,,Secured,Term Loan A,,,01/12/2022
179254-09T,3,42020-29D,439103-62,TriplePoint Private Venture Credit BDC,Business Development Company,4.0,,4.0,Loan,03/31/2024,9.0,,,,,,,01/12/2022
177437-71T,1,41760-55D,52346-80,Partners for Growth,Lender,,,,Loan,,,,,,,,,01/12/2022
122415-22T,1,19706-05D,95392-81,InnoVen Capital,Lender,,,,Loan,,,,,,,,,01/12/2022
121900-60T,3,18346-33D,114018-76,TriplePoint Venture Growth,Business Development Company,1.522,,1.522,Loan,01/31/2023,11.0,,,,,,,01/12/2022
184801-87T,2,42690-61D,52657-75,PennantPark Floating Rate Capital BDC,Business Development Company,4.16473,,2.45912,Revolving Credit Line,08/27/2026,6.0,,,First Lien,,Floating,Floating,01/12/2022
184801-87T,2,42690-61D,118630-36,PennantPark Investment BDC,Business Development Company,4.16473,,1.70561,Revolving Credit Line,08/27/2026,6.0,,,First Lien,,Floating,Floating,01/12/2022
121147-03T,1,18266-95D,40380-13,RSF Social Finance,Lender,,,,Loan,,,,,,,,,01/12/2022
121900-60T,4,18346-24D,114018-76,TriplePoint Venture Growth,Business Development Company,6.0,,6.0,Loan,01/31/2023,9.5,,,,,,,01/12/2022
125522-02T,1,18701-38D,11208-79,Hercules Capital,Business Development Company,20.002,2.95,20.002,Loan,06/01/2022,3.85,Senior,,Secured,,Floating,Floating,01/12/2022
175503-07T,1,41554-99D,118624-42,SQN Venture Partners,Lender,4.0,,,Loan,,,,,,,,,01/12/2022
179246-35T,2,42017-86D,439103-62,TriplePoint Private Venture Credit BDC,Business Development Company,26.0,,6.5,Loan,11/30/2024,7.75,,,,,Floating,Floating,01/12/2022
179246-35T,2,42017-86D,114018-76,TriplePoint Venture Growth,Business Development Company,26.0,,19.5,Loan,11/30/2024,7.75,,,,,Floating,Floating,01/12/2022
179252-74T,2,42019-93D,439103-62,TriplePoint Private Venture Credit BDC,Business Development Company,3.0,,3.0,Loan,06/30/2024,5.25,Junior,,,,Floating,"Mezzanine, Floating",01/12/2022
179254-09T,1,42040-99D,439103-62,TriplePoint Private Venture Credit BDC,Business Development Company,6.0,,6.0,Loan,03/31/2024,7.0,,,,,,,01/12/2022
121900-60T,2,18346-42D,114018-76,TriplePoint Venture Growth,Business Development Company,6.391,,6.391,Loan,01/31/2020,8.5,,,,,,,01/12/2022
123689-80T,1,18873-73D,53878-15,North Carolina Biotechnology Center,Lender,0.075,,0.075,Loan,,,,,,,,,01/12/2022
173947-96T,1,41422-87D,439103-62,TriplePoint Private Venture Credit BDC,Business Development Company,4.196,,4.196,Loan,01/31/2024,12.0,,,,,,,01/12/2022
156395-53T,1,33575-77D,10463-23,Silicon Valley Bank,Commercial Bank,,,,Loan,,,,,,,,"Government - PPP: $150,000-350,000",01/12/2022
178974-46T,1,41977-45D,10463-23,Silicon Valley Bank,Commercial Bank,7.5,,7.5,Loan,02/01/2025,1.75,Senior,,Secured,Delayed Draw Term Loan,Floating,Floating,01/12/2022
156646-09T,1,33606-64D,439103-62,TriplePoint Private Venture Credit BDC,Business Development Company,4.0,,4.0,Loan,,9.5,,,,,,,01/12/2022
184801-87T,3,42690-34D,118630-36,PennantPark Investment BDC,Business Development Company,33.0,,13.514714,Loan,08/27/2026,6.0,,,First Lien,,Floating,Floating,01/12/2022
184801-87T,3,42690-34D,52657-75,PennantPark Floating Rate Capital BDC,Business Development Company,33.0,,19.485286,Loan,08/27/2026,6.0,,,First Lien,,Floating,Floating,01/12/2022
174906-55T,1,41520-07D,10463-23,Silicon Valley Bank,Commercial Bank,32.750035,,32.750035,Other,,,,,,,,,01/12/2022
178788-25T,1,41948-83D,11174-14,Connecticut Innovations,Lender,0.4,,0.4,Loan,03/15/2019,8.0,Junior,,,,,Mezzanine,01/12/2022
185703-31T,2,42809-05D,114018-76,TriplePoint Venture Growth,Business Development Company,9.0,,9.0,Loan,09/30/2024,11.75,,,,,,,01/12/2022
168344-65T,9,40446-82D,234695-26,Bain Capital Specialty Finance BDC,Business Development Company,10.965,,10.965,Loan,12/18/2026,7.0,Senior,,First Lien,,Floating,Floating,01/12/2022
185705-02T,1,42809-41D,114018-76,TriplePoint Venture Growth,Business Development Company,6.0,,6.0,Loan,09/30/2025,6.5,,,,,Floating,Floating,01/12/2022
168344-65T,6,40508-83D,10427-50,Blackrock Capital Investment Corporation BDC,Business Development Company,,,,Loan,12/18/2026,7.0,Senior,,Secured,Delayed Draw Term Loan,Floating,Floating,01/12/2022
170182-90T,1,40654-09D,229963-42,First United Bank and Trust Company (Madisonville),Commercial Bank,0.3833,,0.3833,Loan,,,,,,,,"Government - PPP: $350,000-1 Million",01/12/2022
168344-65T,4,40535-47D,343167-94,Monroe Capital Income Plus Corp BDC,Business Development Company,3.0,,3.0,Loan,12/18/2026,7.0,Senior,,Secured,,Floating,Floating,01/12/2022
178974-46T,2,41977-36D,10463-23,Silicon Valley Bank,Commercial Bank,2.5,,2.5,Loan,02/01/2025,1.75,Senior,,Secured,Term Loan,Floating,Floating,01/12/2022
179246-35T,1,42017-95D,439103-62,TriplePoint Private Venture Credit BDC,Business Development Company,4.0,,1.0,Loan,,,,,,,,,01/12/2022
179246-35T,1,42017-95D,114018-76,TriplePoint Venture Growth,Business Development Company,4.0,,3.0,Loan,,,,,,,,,01/12/2022
179251-48T,1,42019-48D,439103-62,TriplePoint Private Venture Credit BDC,Business Development Company,8.0,,3.0,Revolving Credit Line,,,,,,,,,01/12/2022
168344-65T,3,40535-56D,343167-94,Monroe Capital Income Plus Corp BDC,Business Development Company,1.98,,1.98,Revolving Credit Line,12/18/2026,7.0,Senior,,Secured,,Floating,Floating,01/12/2022
179251-48T,1,42019-48D,114018-76,TriplePoint Venture Growth,Business Development Company,8.0,,5.0,Revolving Credit Line,,,,,,,,,01/12/2022
164523-25T,1,37179-82D,10255-96,Golub Capital,Lender,,,,Loan,,,Senior,,,,,,01/12/2022
170183-35T,1,40654-36D,229963-42,First United Bank and Trust Company (Madisonville),Commercial Bank,0.4699,,0.4699,Loan,,,,,,,,"Government - PPP: $350,000-1 Million",01/12/2022
172106-38T,1,40920-58D,452896-48,Benworth Capital,Lender,0.9156,,0.9156,Loan,,,,,,,,"Government - PPP: $350,000-1 Million",01/12/2022
174257-38T,1,41456-98D,55500-67,Espresso Capital,Lender,,,,Loan,,,Senior,,,,,,01/12/2022
172475-74T,1,40978-54D,465847-21,Golub Capital BDC 3,Business Development Company,2.091,,2.091,Loan,06/01/2024,7.5,,,,,Floating,Floating,01/12/2022
168344-65T,11,40425-22D,55145-71,BlackRock TCP Capital BDC,Business Development Company,15.060241,,15.060241,Loan,12/18/2026,7.0,,,First Lien,Term Loan,Floating,Floating,01/12/2022
164699-38T,1,37206-46D,10768-06,BlackRock,Lender,500.0,,,Loan,,,Senior,,,,,,01/12/2022
164699-38T,1,37206-46D,433612-27,BofA Securities,Accounting/Auditor,500.0,,,Loan,,,Senior,,,,,,01/12/2022
164699-38T,1,37206-46D,10024-93,UBS Group,Financing Advisory,500.0,,,Loan,,,Senior,,,,,,01/12/2022
164699-38T,1,37206-46D,10024-30,Oaktree Capital Management,Lender,500.0,,,Loan,,,Senior,,,,,,01/12/2022
164699-38T,1,37206-46D,10397-17,Bain Capital Credit,Lender,500.0,,,Loan,,,Senior,,,,,,01/12/2022
164699-38T,1,37206-46D,10216-54,Chase Bank,Commercial Bank,500.0,,,Loan,,,Senior,,,,,,01/12/2022
164699-38T,1,37206-46D,10025-47,Credit Suisse,Investment Bank,500.0,,,Loan,,,Senior,,,,,,01/12/2022
164699-38T,1,37206-46D,10429-03,Monroe Capital,Lender,500.0,,,Loan,,,Senior,,,,,,01/12/2022
164699-38T,1,37206-46D,10045-81,Morgan Stanley,Investment Bank,500.0,,,Loan,,,Senior,,,,,,01/12/2022
164699-38T,1,37206-46D,10606-60,RBC Capital Markets,Investment Bank,500.0,,,Loan,,,Senior,,,,,,01/12/2022
164699-38T,1,37206-46D,10043-83,The Goldman Sachs Group,Investment Bank,500.0,,,Loan,,,Senior,,,,,,01/12/2022
164699-38T,1,37206-46D,25313-86,Barclays,Commercial Bank,500.0,,,Loan,,,Senior,,,,,,01/12/2022
169316-56T,2,40534-03D,439103-62,TriplePoint Private Venture Credit BDC,Business Development Company,6.0,,6.0,Revolving Credit Line,,,,,,Delayed Draw Term Loan,,,01/12/2022
169362-37T,1,40539-79D,114018-76,TriplePoint Venture Growth,Business Development Company,15.0,,9.0,Revolving Credit Line,,,Junior,,,,,Mezzanine,01/12/2022
169362-37T,1,40539-79D,439103-62,TriplePoint Private Venture Credit BDC,Business Development Company,15.0,,6.0,Revolving Credit Line,,,Junior,,,,,Mezzanine,01/12/2022
165823-66T,1,40113-01D,11117-53,Avenue Capital Group,Lender,3.0,,3.0,Loan,,,,,,Term Loan,,,01/12/2022
168344-65T,5,40509-73D,343168-03,Goldman Sachs Private Middle Market Credit II BDC,Business Development Company,19.24,,9.25,Revolving Credit Line,06/18/2022,7.0,Senior,,First Lien,,Floating,Floating,01/12/2022
168344-65T,5,40509-73D,110331-01,Goldman Sachs BDC,Business Development Company,19.24,,9.99,Revolving Credit Line,06/18/2022,7.0,Senior,,First Lien,,Floating,Floating,01/12/2022
149123-62T,1,20092-06D,11208-79,Hercules Capital,Business Development Company,5.0,,5.0,Loan,05/01/2024,6.45,Senior,,Secured,,Floating,Floating,01/12/2022
95938-12T,2,12974-50D,107404-39,Bank Leumi (UK),Commercial Bank,130.0,,,Loan,,,,,,,,,01/12/2022
95938-12T,2,12974-50D,10463-23,Silicon Valley Bank,Commercial Bank,130.0,,,Loan,,,,,,,,,01/12/2022
95938-12T,2,12974-50D,10173-07,SunTrust Bank,Commercial Bank,130.0,,,Loan,,,,,,,,,01/12/2022
95938-12T,1,19480-51D,114018-76,TriplePoint Venture Growth,Business Development Company,10.0,,10.0,Loan,03/31/2019,8.75,,,,,,,01/12/2022
110782-00T,1,17279-02D,61199-38,Pivotal Capital Partners,Lender,,,,Loan,,,,,,,,,01/12/2022
76703-86T,1,11867-14D,10463-23,Silicon Valley Bank,Commercial Bank,13.0,,13.0,Other,,,,,,,,,01/12/2022
106681-69T,1,16472-62D,60736-33,De Lage Landen,Lender,,,,Loan,01/05/2021,,,,Secured,,,,01/12/2022
105673-96T,1,16254-91D,128956-06,Envision Capital Group,Lender,,,,Loan,10/31/2018,,,,Secured,,,,01/12/2022
104485-60T,1,15996-07D,53878-15,North Carolina Biotechnology Center,Lender,0.25,,0.25,Loan,,,,,,,,,01/12/2022
105673-96T,1,16254-91D,52643-08,Ascentium Capital,Lender,,,,Loan,10/31/2018,,,,Secured,,,,01/12/2022
106681-42T,2,16472-26D,13414-33,Dell Technologies,Lender,,,,Loan,04/17/2020,,,,Secured,,,,01/12/2022
108131-41T,1,16861-33D,64067-95,Pioneer Bank (Dripping Springs),Commercial Bank,,,,Loan,07/07/2016,,,,First Lien,,,,01/12/2022
154676-89T,1,20162-35D,10216-54,Chase Bank,Commercial Bank,,,,Loan,,,,,,,,Government - PPP: $1-2 Million,01/12/2022
154677-79T,1,33173-20D,10463-23,Silicon Valley Bank,Commercial Bank,,,,Loan,,,,,,,,"Government - PPP: $150,000-350,000",01/12/2022
97741-27T,1,14373-37D,11335-42,Western Technology Investment,Lender,,,,Loan,,,,,,,,,01/12/2022
160841-53T,3,40355-38D,10255-96,Golub Capital,Lender,3.0,,3.0,Revolving Credit Line,08/31/2025,,,,,,,,01/12/2022
156705-94T,1,33613-66D,58101-94,Harlan Capital Partners,Lender,,,,Loan,,,,,,,,,01/12/2022
73871-38T,1,14156-02D,52957-00,Ohio Third Frontier,Other Service Provider Type,1.0,,1.0,Loan,,,,,,,,,01/12/2022
160392-16T,1,34389-46D,114018-76,TriplePoint Venture Growth,Business Development Company,0.6,,0.6,Revolving Credit Line,,,,,,,,,01/12/2022
54568-54T,2,12922-66D,10463-23,Silicon Valley Bank,Commercial Bank,13.5,,,Loan,,,Senior,,Secured,Term Loan,,,01/12/2022
137599-84T,1,19732-15D,11212-30,Horizon Technology Finance BDC,Business Development Company,11.0,,11.0,Revolving Credit Line,,,,,,,,,01/12/2022
132557-50T,1,19208-80D,10169-29,Comerica Bank,Commercial Bank,,,,Loan,,,,,,,,,01/12/2022
97444-36T,1,14139-91D,13133-98,Bridge Bank,Commercial Bank,6.0,,6.0,Revolving Credit Line,,,,,,,,,01/12/2022
132557-50T,1,19208-80D,10463-23,Silicon Valley Bank,Commercial Bank,,,,Loan,,,,,,,,,01/12/2022
132557-50T,1,19208-80D,10043-83,The Goldman Sachs Group,Investment Bank,,,,Loan,,,,,,,,,01/12/2022
107814-61T,1,16787-35D,111771-55,Rabobank America,Commercial Bank,,,,Loan,10/27/2021,,,,Secured,,,,01/12/2022
154695-34T,1,33190-84D,10463-23,Silicon Valley Bank,Commercial Bank,0.801128,,0.801128,Loan,,,,,,,,"Government - PPP: $350,000-1 Million",01/12/2022
106473-79T,1,16424-74D,56251-54,The Launch Place,Management Consultants,,,,Loan,08/24/2020,,,,Secured,,,,01/12/2022
154579-33T,1,33075-10D,10463-23,Silicon Valley Bank,Commercial Bank,,,,Loan,,,,,,,,"Government - PPP: $150,000-350,000",01/12/2022
154444-15T,1,32938-75D,41296-78,Frost Bank,Commercial Bank,1.5785,,1.5785,Loan,,,,,,,,Government - PPP: $1-2 Million,01/12/2022
154004-50T,1,32500-18D,25165-45,Pacific Western Bank (Los Angeles),Commercial Bank,,,,Loan,,,,,,,,Government - PPP: $1-2 Million,01/12/2022
29798-11T,1,12088-00D,11335-42,Western Technology Investment,Lender,,,,Loan,,,Senior,,,,,,01/12/2022
125282-44T,1,18691-21D,182433-79,Runway Growth Capital,Business Development Company,25.0,,25.0,Loan,07/15/2023,8.0,Senior,,Secured,Term Loan,Floating,Floating,01/12/2022
106679-98T,1,16471-81D,60736-33,De Lage Landen,Lender,,,,Loan,10/17/2017,,,,Secured,,,,01/12/2022
110062-99T,1,17201-98D,118624-42,SQN Venture Partners,Lender,,,,Loan,,,,,,,,,01/12/2022
103244-95T,1,15769-90D,63232-12,ServisFirst Bank,Commercial Bank,,,,Loan,04/07/2021,,,,Secured,,,,01/12/2022
106430-86T,1,16413-58D,228725-65,Beacon Funding,Lender,,,,Loan,11/07/2015,,,,Secured,,,,01/12/2022
154184-23T,1,32679-55D,303079-33,Evolve Bank & Trust,Commercial Bank,4.4639,,4.4639,Loan,,,,,,,,Government - PPP: $2-5 Million,01/12/2022
46317-16T,1,11095-75D,58157-56,Mallitz Investment Group,Lender,,,,Bridge,,,,,,,,,01/12/2022
47664-55T,1,12215-98D,60036-76,Bregal Sagemount,Lender,20.0,,20.0,Loan,,,Junior,Subordinated,,,,Mezzanine,01/12/2022
155107-54T,1,33451-21D,11029-87,Bank of Oklahoma,Commercial Bank,,,5.3065,Loan,,,,,,,,Government - PPP: $5-10 Million,01/12/2022
158077-81T,1,33729-67D,51001-66,Trinity Capital,Lender,,,,Loan,,,,,,,,,01/12/2022
154498-42T,1,32994-01D,41296-78,Frost Bank,Commercial Bank,0.9156,,0.9156,Loan,,,,,,,,"Government - PPP: $350,000-1 Million",01/12/2022
158079-07T,1,33729-76D,51001-66,Trinity Capital,Lender,,,,Loan,,,,,,,,,01/12/2022
154050-31T,1,32545-90D,10091-08,Bank of America,Commercial Bank,,,,Loan,,,,,,,,Government - PPP: $1-2 Million,01/12/2022
49709-62T,1,15374-62D,11942-29,Ares Capital Corporation BDC,Business Development Company,5.3,,5.3,Loan,01/01/2018,,,,First Lien,,,,01/12/2022
160841-53T,2,40355-47D,10255-96,Golub Capital,Lender,27.0,,27.0,Loan,08/31/2025,,,,,,,,01/12/2022
160841-53T,1,40978-90D,465847-21,Golub Capital BDC 3,Business Development Company,1.251,3.25,1.251,Loan,09/01/2025,9.75,,,,,Floating,Floating,01/12/2022
139479-31T,1,19915-84D,11335-42,Western Technology Investment,Lender,5.196946,,5.196946,Loan,08/01/2021,12.5,Senior,,Secured,,,,01/12/2022
120233-08T,1,18156-34D,54605-17,Armentum Partners,Financing Advisory,22.5,,22.5,Loan,,,Senior,,,,,,01/12/2022
126615-43T,1,18811-63D,10025-47,Credit Suisse,Investment Bank,200.0,,200.0,Revolving Credit Line,,,,,,,,,01/12/2022
153987-76T,1,32483-62D,231043-78,Flatirons Bank,Commercial Bank,,,,Loan,,,,,,,,"Government - PPP: $350,000-1 Million",01/12/2022
113552-38T,1,17499-79D,226338-76,Feenix Venture Partners,Lender,,,,Loan,,,,,,,,,01/12/2022
113827-87T,1,17524-09D,11135-53,Oxford Finance,Lender,20.0,,20.0,Loan,04/01/2023,,,,,Term Loan,,,01/12/2022
134894-98T,1,19428-31D,230050-99,Upper90 Capital Management,Lender,35.0,,35.0,Loan,,,,,,,,,01/12/2022
114485-05T,2,17588-71D,11208-79,Hercules Capital,Business Development Company,15.0,1.1,10.0,Loan,04/01/2022,4.05,,,,Term Loan,Floating,Floating,01/12/2022
28848-61T,3,11308-15D,11208-79,Hercules Capital,Business Development Company,5.0,,5.0,Loan,08/01/2016,8.0,Senior,,,,Floating,Floating,01/12/2022
154194-49T,1,32689-72D,10463-23,Silicon Valley Bank,Commercial Bank,0.79373,,0.79373,Loan,,,,,,,,"Government - PPP: $350,000-1 Million",01/12/2022
106429-60T,1,16414-48D,51527-80,OnDeck,Lender,,,,Loan,09/12/2019,,,,Secured,,,,01/12/2022
122980-15T,1,18472-15D,53655-40,AMERRA Capital Management,Lender,12.0,,12.0,Loan,,,Senior,,Secured,,,,01/12/2022
154782-73T,1,33278-14D,10216-54,Chase Bank,Commercial Bank,,,,Loan,,,,,,,,"Government - PPP: $150,000-350,000",01/12/2022
155214-19T,1,33488-74D,59487-22,Blue Ridge Bankshares,Lender,4.2992,,4.2992,Loan,,,,,,,,Government - PPP: $2-5 Million,01/12/2022
139497-67T,1,19918-99D,11335-42,Western Technology Investment,Lender,2.0,,2.0,Loan,02/01/2023,12.0,Senior,,Secured,,,,01/12/2022
139549-42T,1,19922-86D,11335-42,Western Technology Investment,Lender,0.5,,0.5,Revolving Credit Line,03/31/2020,,,,,,,,01/12/2022
139966-66T,2,19957-60D,11335-42,Western Technology Investment,Lender,,,,Other,02/01/2022,12.0,Senior,,Secured,,,,01/12/2022
155217-79T,1,33492-25D,10216-54,Chase Bank,Commercial Bank,0.743547,,0.743547,Loan,,,,,,,,"Government - PPP: $350,000-1 Million",01/12/2022
121794-22T,3,18340-93D,114018-76,TriplePoint Venture Growth,Business Development Company,5.0,,5.0,Loan,10/31/2021,4.5,Junior,,,,Floating,"Mezzanine, Floating",01/12/2022
110794-33T,1,17336-35D,232540-39,Finitive,Funding/Crowdfunding Platform,50.0,,50.0,Loan,,,Senior,,,,,,01/12/2022
47965-33T,1,12425-59D,42997-42,Victory Park Capital,Lender,100.0,,100.0,Other,,,,,,,,,01/12/2022
140145-85T,5,19971-91D,11335-42,Western Technology Investment,Lender,0.18588,,0.18588,Loan,05/01/2024,12.0,Senior,,Secured,,,,01/12/2022
121794-22T,2,18341-02D,114018-76,TriplePoint Venture Growth,Business Development Company,1.391,,1.391,Loan,12/31/2020,3.0,Junior,,,,Floating,"Mezzanine, Floating",01/12/2022
107271-55T,2,16657-03D,10826-20,American Express,Lender,,,,Loan,03/17/2015,,,,Secured,,,,01/12/2022
108131-59T,1,16861-51D,178305-40,WebBank,Commercial Bank,,,,Loan,05/12/2023,,,,Secured,,,,01/12/2022
106680-25T,2,16471-90D,60736-33,De Lage Landen,Lender,,,,Loan,04/04/2023,,,,Secured,,,,01/12/2022
106681-06T,1,16472-08D,60736-33,De Lage Landen,Lender,,,,Loan,12/03/2018,,,,Secured,,,,01/12/2022
179252-74T,1,42020-02D,439103-62,TriplePoint Private Venture Credit BDC,Business Development Company,3.0,,3.0,Revolving Credit Line,,,,,,,,,01/12/2022
107390-35T,1,19922-95D,11335-42,Western Technology Investment,Lender,8.641436,,8.641436,Loan,06/01/2021,,,,,,,,01/12/2022
119739-25T,1,18106-48D,11208-79,Hercules Capital,Business Development Company,10.095,,10.095,Loan,04/01/2022,4.05,Senior,,,,Floating,Floating,01/12/2022
105292-99T,1,16174-18D,52957-00,Ohio Third Frontier,Other Service Provider Type,,,,Loan,04/03/2019,,,,Secured,,,,01/12/2022
108131-50T,1,16861-42D,181618-48,Northlight Financial,Lender,,,,Loan,03/25/2020,,,,Secured,,,,01/12/2022
106681-42T,1,16472-35D,60736-33,De Lage Landen,Lender,,,,Loan,07/27/2020,,,,Secured,,,,01/12/2022
106681-69T,2,16472-53D,60736-33,De Lage Landen,Lender,,,,Loan,01/04/2021,,,,Secured,,,,01/12/2022
105673-96T,2,16254-82D,173324-44,Pawnee Leasing,Lender,,,,Loan,03/01/2017,,,,Secured,,,,01/12/2022
106429-60T,2,16414-21D,228725-65,Beacon Funding,Lender,,,,Loan,07/01/2019,,,,Secured,,,,01/12/2022
109199-71T,1,17066-98D,52759-18,First National Bank of Omaha,Lender,,,,Loan,06/12/2023,,,,Secured,,,,01/12/2022
120233-71T,1,18156-52D,11212-30,Horizon Technology Finance BDC,Business Development Company,8.0,,8.0,Loan,07/01/2021,9.4,,,,Term Loan,Floating,Floating,01/12/2022
108001-45T,1,16831-90D,51090-04,Bohemian Companies,Lender,,,,Loan,11/07/2019,,,,Secured,,,,01/12/2022
106681-69T,3,16472-44D,60736-33,De Lage Landen,Lender,,,,Loan,12/31/2020,,,,Secured,,,,01/12/2022
116879-50T,1,17813-89D,53415-19,SC Launch,Lender,0.2,,0.2,Loan,,,,,,,,,01/12/2022
75216-61T,1,16104-25D,166120-30,Whitewater's Community Development Association,Lender,0.1,,0.1,Loan,,,,,,,,,01/12/2022
120071-26T,1,18139-96D,61199-38,Pivotal Capital Partners,Lender,,,,Loan,,,,,,,,,01/12/2022
89764-75T,1,12778-75D,41737-33,Square 1 Bank,Commercial Bank,16.0,,16.0,Other,,,,,,,,,01/12/2022
115275-61T,1,17732-35D,10463-23,Silicon Valley Bank,Commercial Bank,,,,Loan,,,,,,,,,01/12/2022
115759-54T,1,18055-90D,10463-23,Silicon Valley Bank,Commercial Bank,,,,Revolving Credit Line,,,,,,,,,01/12/2022
96713-20T,2,13595-14D,56798-38,Siena Lending Group,Lender,4.5,,4.5,Loan,,,,Subordinated,,,,,01/12/2022
114485-05T,1,18884-53D,10463-23,Silicon Valley Bank,Commercial Bank,15.0,,5.0,Loan,,,,,,,,,01/12/2022
116073-55T,1,17756-47D,10648-09,Keystone National Group,Lender,50.0,,50.0,Loan,,,,,,,,,01/12/2022
116879-77T,1,17813-98D,53415-19,SC Launch,Lender,0.25,,0.25,Loan,,,,,,,,,01/12/2022
185705-29T,1,42809-50D,114018-76,TriplePoint Venture Growth,Business Development Company,10.0,,10.0,Loan,,,,,,,,,01/12/2022
106680-25T,1,16471-99D,10801-63,M&T Bank,Commercial Bank,,,,Loan,11/28/2016,,,,Secured,,,,01/12/2022
106429-51T,1,16413-22D,121356-82,Interstate Capital,Lender,,,,Loan,06/08/2015,,,,Secured,,,,01/12/2022
106681-42T,3,16472-17D,60736-33,De Lage Landen,Lender,,,,Loan,02/20/2020,,,,Secured,,,,01/12/2022
66474-46T,1,13001-23D,10987-03,USDA Rural Development Agency,Lender,100.0,,100.0,Loan,,,,,,,,,01/12/2022
113164-30T,1,17469-19D,41737-33,Square 1 Bank,Commercial Bank,15.0,,15.0,Loan,,,,,,,,,01/12/2022
179549-11T,1,42370-30D,40395-16,UBS O'Connor,Lender,105.0,,105.0,Loan,,,Senior,,Secured,Term Loan,,,01/12/2022
103290-31T,1,15777-10D,10042-84,PNC,Commercial Bank,,,,Loan,06/23/2021,,,,Secured,,,,01/12/2022
97653-70T,1,14310-46D,42323-32,Golub Capital BDC,Business Development Company,0.666,,0.666,Loan,08/01/2020,8.0,,,,,Floating,Floating,01/12/2022
70356-52T,1,11490-85D,10169-29,Comerica Bank,Commercial Bank,7.0,,7.0,Revolving Credit Line,,,,,,,,,01/12/2022
105293-08T,1,16174-27D,85927-60,JobsOhio,Lender,,,,Loan,09/19/2021,,,,Secured,,,,01/12/2022
105359-59T,1,16190-74D,52957-00,Ohio Third Frontier,Other Service Provider Type,,,,Loan,10/17/2021,,,,Secured,,,,01/12/2022
62326-00T,1,14356-45D,51204-16,Viola Credit,Lender,10.0,,,Loan,,,,,Secured,,,,01/12/2022
103290-49T,1,15777-19D,10029-07,CIT Group,Lender,,,,Loan,06/02/2022,,,,Secured,,,,01/12/2022
54568-54T,1,12922-75D,11135-53,Oxford Finance,Lender,1.5,,,Loan,,,,,,,,,01/12/2022
54568-54T,1,12922-75D,10463-23,Silicon Valley Bank,Commercial Bank,1.5,,,Loan,,,,,,,,,01/12/2022
110036-44T,1,17196-76D,118624-42,SQN Venture Partners,Lender,,,,Loan,,,,,,,,,01/12/2022
108002-26T,1,16831-99D,230114-17,Bluebonnet Capital Partners,Lender,,,,Loan,02/21/2022,,,,Secured,,,,01/12/2022
107390-35T,2,16681-60D,11335-42,Western Technology Investment,Lender,25.0,,25.0,Loan,,,,,,,,,01/12/2022
106430-14T,1,16415-38D,41046-13,Hirsch Solutions,Lender,,,,Loan,07/11/2017,,,,Secured,,,,01/12/2022
107247-07T,1,16651-99D,13468-24,New Resource Bank,Commercial Bank,,,,Loan,,,,,,,,,01/12/2022
99745-93T,1,16039-00D,42045-13,Axos Financial,Commercial Bank,,,,Loan,09/05/2022,,,,First Lien,,,,01/12/2022
181226-71T,1,42211-45D,11156-05,HPS Investment Partners,Lender,650.0,,,Loan,,,Senior,,,,,,01/12/2022
181226-71T,1,42211-45D,10768-06,BlackRock,Lender,650.0,,,Loan,,,Senior,,,,,,01/12/2022
181226-71T,1,42211-45D,10216-54,Chase Bank,Commercial Bank,650.0,,,Loan,,,Senior,,,,,,01/12/2022
181226-71T,1,42211-45D,10024-30,Oaktree Capital Management,Lender,650.0,,,Loan,,,Senior,,,,,,01/12/2022
181226-71T,1,42211-45D,119022-58,Goldman Sachs Asset Management,Financing Advisory,650.0,,,Loan,,,Senior,,,,,,01/12/2022
51504-76T,1,10278-55D,41581-99,Business Development Corporation of America BDC,Business Development Company,,,,Loan,,,Senior,,,,,,01/12/2022
47664-55T,2,12215-89D,10169-29,Comerica Bank,Commercial Bank,40.0,,40.0,Loan,,,Senior,,,,,,01/12/2022
81246-52T,1,10578-97D,11207-17,180 Degree Capital,Lender,0.3,,0.3,Loan,,12.0,,,,,,Mezzanine,01/12/2022
82953-37T,1,12144-70D,43055-47,Lighter Capital,Lender,0.5,,0.5,Loan,,,,,,,,,01/12/2022
169316-56T,1,41423-05D,114018-76,TriplePoint Venture Growth,Business Development Company,9.0,,9.0,Revolving Credit Line,,9.25,,,,Delayed Draw Term Loan,,,01/12/2022
106429-78T,1,16414-66D,229039-84,World Global Financing,Lender,,,,Loan,02/17/2020,,,,Secured,,,,01/12/2022
96713-20T,1,17330-41D,56798-38,Siena Lending Group,Lender,3.5,,3.5,Loan,,,,,,Term Loan,,,01/12/2022
162827-38T,1,36055-09D,268001-29,Alaska Growth Capital,Lender,0.9,,0.9,Loan,04/20/2028,7.5,,,,,,,01/12/2022
95223-43T,1,12468-34D,61998-04,Gerber Finance,Lender,0.25,,0.25,Loan,,,,,,,,,01/12/2022
107066-26T,1,16600-78D,58157-56,Mallitz Investment Group,Lender,,,,Loan,11/20/2019,,,,Secured,,,,01/12/2022
154743-85T,1,33239-17D,41330-17,Huntington National Bank,Commercial Bank,,,,Loan,,,,,,,,"Government - PPP: $350,000-1 Million",01/12/2022
103290-13T,1,15776-92D,10091-08,Bank of America,Commercial Bank,,,,Loan,04/26/2017,,,,Secured,,,,01/12/2022
155223-64T,1,33498-01D,10463-23,Silicon Valley Bank,Commercial Bank,0.165,,0.165,Loan,,,,,,,,"Government - PPP: $150,000-350,000",01/12/2022
155234-08T,1,33508-36D,10463-23,Silicon Valley Bank,Commercial Bank,,,,Loan,,,,,,,,"Government - PPP: $350,000-1 Million",01/12/2022
154770-76T,1,33266-26D,63566-38,Bell Bank,Commercial Bank,1.7,,,Loan,,,,,,,,Government - PPP: $1-2 Million,01/12/2022
45737-74T,1,10433-98D,11157-58,Costella Kirsch,Lender,3.0,,,Loan,,,,,,,,,01/12/2022
154657-90T,1,33153-40D,42082-84,People's United Bank,Commercial Bank,,,,Loan,,,,,,,,Government - PPP: $1-2 Million,01/12/2022
154220-50T,1,32715-73D,10091-08,Bank of America,Commercial Bank,,,,Loan,,,,,,,,Government - PPP: $1-2 Million,01/12/2022
154317-16T,1,32812-21D,42117-31,First Bancorp (North Carolina),Commercial Bank,0.315,,0.315,Loan,,,,,,,,"Government - PPP: $150,000-350,000",01/12/2022
40440-79T,1,11115-28D,11801-35,First Capital,Lender,6.0,,6.0,Revolving Credit Line,,,,,,,,,01/12/2022
154769-05T,1,33264-55D,10463-23,Silicon Valley Bank,Commercial Bank,0.5625,,0.5625,Loan,,,,,,,,"Government - PPP: $350,000-1 Million",01/12/2022
154128-61T,1,32624-11D,25165-45,Pacific Western Bank (Los Angeles),Commercial Bank,,,,Loan,,,,,,,,Government - PPP: $5-10 Million,01/12/2022
154101-25T,1,32596-75D,10091-08,Bank of America,Commercial Bank,1.7109,,1.7109,Loan,,,,,,,,Government - PPP: $1-2 Million,01/12/2022
155105-11T,1,33448-78D,42707-80,LendingClub,Lender,8.967585,,8.967585,Loan,,,,,,,,Government - PPP: $5-10 Million,01/12/2022
160391-62T,1,34389-37D,114018-76,TriplePoint Venture Growth,Business Development Company,10.0,,10.0,Loan,04/30/2023,4.1,,,,,Floating,Floating,01/12/2022
100501-12T,1,15310-81D,107844-58,ExWorks Capital,Lender,,,,Loan,,,,,,Term Loan,,,01/12/2022
154666-90T,1,33162-40D,52230-79,Customers Bank,Commercial Bank,,,,Loan,,,,,,,,"Government - PPP: $150,000-350,000",01/12/2022
155100-07T,1,33443-74D,10216-54,Chase Bank,Commercial Bank,1.748162,,1.748162,Loan,,,,,,,,Government - PPP: $1-2 Million,01/12/2022
154745-65T,1,33240-88D,10605-34,Zions First National Bank,Commercial Bank,,,,Loan,,,,,,,,"Government - PPP: $150,000-350,000",01/12/2022
154000-63T,1,20151-37D,13346-38,PacWest Bancorp,Lender,,,,Loan,,,,,,,,Government - PPP: $1-2 Million,01/12/2022
64949-50T,1,11899-54D,10463-23,Silicon Valley Bank,Commercial Bank,15.0,,,Other,,,,,,,,,01/12/2022
79018-48T,1,13594-87D,10148-86,Barclays Investment Bank,Investment Bank,250.0,,,Revolving Credit Line,,,,,,,,,01/12/2022
79018-48T,1,13594-87D,10045-81,Morgan Stanley,Investment Bank,250.0,,,Revolving Credit Line,,,,,,,,,01/12/2022
154015-66T,1,32511-34D,10463-23,Silicon Valley Bank,Commercial Bank,2.24,,2.24,Loan,,,,,,,,Government - PPP: $2-5 Million,01/12/2022
79018-48T,1,13594-87D,10043-83,The Goldman Sachs Group,Investment Bank,250.0,,,Revolving Credit Line,,,,,,,,,01/12/2022
79018-48T,1,13594-87D,55545-67,JPMorgan Chase,Financing Advisory,250.0,,,Revolving Credit Line,,,,,,,,,01/12/2022
154061-29T,1,20195-38D,10091-08,Bank of America,Commercial Bank,0.217424,,0.217424,Loan,,,,,,,,"Government - PPP: $150,000-350,000",01/12/2022
154330-84T,1,32825-80D,10463-23,Silicon Valley Bank,Commercial Bank,0.525608,,0.525608,Loan,,,,,,,,"Government - PPP: $350,000-1 Million",01/12/2022
154327-96T,1,32822-92D,12755-89,First Republic Bank,Commercial Bank,,,,Loan,,,,,,,,"Government - PPP: $150,000-350,000",01/12/2022
154228-33T,1,32723-47D,10091-08,Bank of America,Commercial Bank,,,,Loan,,,,,,,,"Government - PPP: $350,000-1 Million",01/12/2022
83018-17T,1,12188-44D,10150-21,Fortress Investment Group,Lender,75.0,,75.0,Revolving Credit Line,,,,,,,,,01/12/2022
76312-09T,1,11540-35D,55450-27,Avidbank,Commercial Bank,1.0,,1.0,Loan,,,,,,Term Loan,,,01/12/2022
80024-05T,1,14358-61D,11136-70,CRG,Lender,21.0,,21.0,Loan,,,,,,,,,01/12/2022
45977-77T,1,19911-61D,11942-29,Ares Capital Corporation BDC,Business Development Company,7.5,,7.5,Revolving Credit Line,,,,,,,,,01/12/2022
154095-13T,1,32590-72D,41007-61,CIBC Bank USA,Commercial Bank,,,3.611529,Loan,,,,,,,,Government - PPP: $2-5 Million,01/12/2022
45738-28T,1,10434-97D,51001-66,Trinity Capital,Lender,,,,Loan,,,,,,,,,01/12/2022
154753-30T,1,33248-53D,10216-54,Chase Bank,Commercial Bank,,,,Loan,,,,,,,,"Government - PPP: $150,000-350,000",01/12/2022
154102-06T,1,32597-47D,11795-68,NexBank,Commercial Bank,,,,Loan,,,,,,,,Government - PPP: $1-2 Million,01/12/2022
154205-74T,1,32700-97D,41553-19,Western Alliance Bank,Commercial Bank,1.1365,,,Loan,,,,,,,,Government - PPP: $1-2 Million,01/12/2022
154810-09T,1,33305-14D,10463-23,Silicon Valley Bank,Commercial Bank,1.68,,1.68,Loan,,,,,,,,Government - PPP: $1-2 Million,01/12/2022
48938-23T,1,13150-81D,14172-49,City National Bank,Commercial Bank,12.0,,12.0,Loan,,,Senior,,,,,,01/12/2022
154113-67T,1,32609-26D,90507-52,Harborstone Credit Union,Lender,,,,Loan,,,,,,,,"Government - PPP: $350,000-1 Million",01/12/2022
107271-55T,1,16657-12D,52332-40,Cypress Growth Capital,Lender,,,,Loan,03/11/2020,,,,Secured,,,,01/12/2022
45977-77T,2,10720-45D,11942-29,Ares Capital Corporation BDC,Business Development Company,4.5,,4.5,Loan,01/01/2019,7.0,,,First Lien,,Floating,Floating,01/12/2022
154369-18T,1,32863-42D,52759-18,First National Bank of Omaha,Lender,1.698572,,,Loan,,,,,,,,Government - PPP: $1-2 Million,01/12/2022
169316-56T,3,40533-94D,439103-62,TriplePoint Private Venture Credit BDC,Business Development Company,2.0,,2.0,Loan,12/31/2023,9.25,,,,,Fixed,Fixed,01/12/2022
169362-37T,2,40539-70D,114018-76,TriplePoint Venture Growth,Business Development Company,10.0,,6.0,Loan,10/31/2023,11.75,Junior,,,,Fixed,"Mezzanine, Fixed",01/12/2022
169362-37T,2,40539-70D,439103-62,TriplePoint Private Venture Credit BDC,Business Development Company,10.0,,4.0,Loan,10/31/2023,11.75,Junior,,,,Fixed,"Mezzanine, Fixed",01/12/2022
154395-37T,1,32889-97D,14172-49,City National Bank,Commercial Bank,,,,Loan,,,,,,,,"Government - PPP: $350,000-1 Million",01/12/2022
154584-46T,1,33080-14D,65325-52,"Heritage Bank (Phoenix, Arizona)",Commercial Bank,,,,Loan,,,,,,,,"Government - PPP: $150,000-350,000",01/12/2022
160841-53T,4,34446-43D,42323-32,Golub Capital BDC,Business Development Company,,,,Revolving Credit Line,09/01/2025,9.75,,,,,Floating,Floating,01/12/2022
154776-52T,1,33271-93D,10042-84,PNC,Commercial Bank,,,,Loan,,,,,,,,"Government - PPP: $350,000-1 Million",01/12/2022
160841-53T,4,34446-43D,465847-21,Golub Capital BDC 3,Business Development Company,,,,Revolving Credit Line,09/01/2025,9.75,,,,,Floating,Floating,01/12/2022
155779-75T,1,33593-32D,437270-05,Variant Investments,Lender,,,,Loan,,,,,,,,,01/12/2022
160841-53T,5,34446-34D,10255-96,Golub Capital,Lender,3.157,3.25,,Loan,09/01/2025,9.75,,,,,Floating,Floating,01/12/2022
160841-53T,5,34446-34D,42323-32,Golub Capital BDC,Business Development Company,3.157,3.25,3.157,Loan,09/01/2025,9.75,,,,,Floating,Floating,01/12/2022
155105-29T,1,33448-96D,25165-45,Pacific Western Bank (Los Angeles),Commercial Bank,,,1.6225,Loan,,,,,,,,Government - PPP: $1-2 Million,01/12/2022
154407-16T,1,32901-76D,10463-23,Silicon Valley Bank,Commercial Bank,2.13,,,Loan,,,,,,,,Government - PPP: $2-5 Million,01/12/2022
154529-38T,1,33025-06D,10463-23,Silicon Valley Bank,Commercial Bank,,,,Loan,,,,,,,,"Government - PPP: $150,000-350,000",01/12/2022
154562-23T,1,33058-00D,10463-23,Silicon Valley Bank,Commercial Bank,3.032,,3.032,Loan,,,,,,,,Government - PPP: $2-5 Million,01/12/2022
154200-25T,1,32695-48D,10463-23,Silicon Valley Bank,Commercial Bank,,,,Loan,,,,,,,,"Government - PPP: $350,000-1 Million",01/12/2022
168344-65T,10,40427-83D,55145-71,BlackRock TCP Capital BDC,Business Development Company,9.939759,,9.939759,Revolving Credit Line,12/18/2026,,,,,,,,01/12/2022
154343-62T,1,32838-58D,10463-23,Silicon Valley Bank,Commercial Bank,,,,Loan,,,,,,,,"Government - PPP: $150,000-350,000",01/12/2022
154013-32T,1,32509-00D,169561-45,Broadway Bank,Commercial Bank,,,,Loan,,,,,,,,Government - PPP: $5-10 Million,01/12/2022
97206-58T,1,13971-79D,11335-42,Western Technology Investment,Lender,,,,Loan,,,,,,,,,01/12/2022
154759-60T,1,33254-83D,98892-73,Radius Bank,Commercial Bank,,,,Loan,,,,,,,,Government - PPP: $1-2 Million,01/12/2022
155111-77T,1,33455-44D,40782-70,Truist,Commercial Bank,,,,Loan,,,,,,,,"Government - PPP: $350,000-1 Million",01/12/2022
155212-12T,1,33486-67D,111400-48,Centric Bank,Lender,,,,Loan,,,,,,,,"Government - PPP: $150,000-350,000",01/12/2022
155245-33T,1,33519-61D,10463-23,Silicon Valley Bank,Commercial Bank,,,,Loan,,,,,,,,"Government - PPP: $350,000-1 Million",01/12/2022
154738-54T,1,33234-04D,25165-45,Pacific Western Bank (Los Angeles),Commercial Bank,0.74744,,0.74744,Loan,,,,,,,,"Government - PPP: $350,000-1 Million",01/12/2022
162827-56T,1,36055-36D,268001-29,Alaska Growth Capital,Lender,1.235,,1.235,Loan,07/19/2029,8.25,,,,,,,01/12/2022
154645-03T,1,33140-62D,59435-56,First Resource Bank,Commercial Bank,0.1716,,0.1716,Loan,,,,,,,,"Government - PPP: $150,000-350,000",01/12/2022
154547-47T,1,33043-24D,10214-47,KeyBank,Commercial Bank,0.165921,,0.165921,Loan,,,,,,,,"Government - PPP: $150,000-350,000",01/12/2022
154626-04T,1,33121-72D,10463-23,Silicon Valley Bank,Commercial Bank,,,,Loan,,,,,,,,"Government - PPP: $150,000-350,000",01/12/2022
