DealID,Seller_ExiterID,Seller_ExiterName,Partial_Full,PercentOfCompanySold,PercentOfCompanyStillHeld,Seller_ExiterFundID,Seller_ExiterFundName,LastUpdated
28759-06T,11274-22,Polaris Partners,Partial,,,11235-43F,Polaris Venture Partners V,01/12/2022
33429-79T,57103-39,Sigma Prime Ventures,Full,,0.0,,,01/12/2022
33429-79T,10049-14,Baird Capital,Partial,,,,,01/12/2022
33429-79T,55967-50,AGF Management,Full,,0.0,,,01/12/2022
33429-79T,10463-23,Silicon Valley Bank,Full,,0.0,,,01/12/2022
33429-79T,11184-67,Sigma Partners,Full,,0.0,,,01/12/2022
33429-79T,10745-11,Gold Hill Capital,Full,,0.0,,,01/12/2022
38727-73T,11147-77,Brainheart Capital,Full,100.0,0.0,,,01/12/2022
55214-47T,121859-83,AleAnna Energy,Full,,0.0,,,01/12/2022
60576-13T,128386-72,Fenway Summer Ventures,Full,,0.0,,,01/12/2022
60576-13T,11159-02,Duff Ackerman & Goodrich,Full,,0.0,,,01/12/2022
67369-24T,128386-72,Fenway Summer Ventures,Full,,0.0,,,01/12/2022
74001-97T,62258-68,New Model Venture Capital,Full,,0.0,15970-06F,Fig Equity,01/12/2022
76225-42T,51410-53,Active Venture Partners,Full,,0.0,,,01/12/2022
76244-77T,52606-36,Arba Seed Investment Group,Full,,0.0,,,01/12/2022
77489-38T,126970-03,HOF Capital,Full,,0.0,,,01/12/2022
77489-38T,51533-83,Lightbank,Full,,0.0,,,01/12/2022
79961-77T,11776-33,Axel Springer,Partial,,,,,01/12/2022
80081-02T,11290-51,RRE Ventures,Full,,0.0,,,01/12/2022
80081-02T,11211-40,IVP,Full,,0.0,,,01/12/2022
94980-07T,57808-81,SevenVentures,Full,,0.0,,,01/12/2022
95021-56T,25297-12,Brookstone Venture Capital,Full,,0.0,,,01/12/2022
104206-69T,53296-75,BP Ventures,Full,,0.0,,,01/12/2022
104206-69T,61819-93,Sime Darby,Full,,0.0,,,01/12/2022
104206-69T,264784-78,Leaps by Bayer,Full,,0.0,,,01/12/2022
104206-69T,58454-29,Evonik Venture Capital,Full,,0.0,,,01/12/2022
106147-81T,65419-66,BAM Ventures,Partial,,,,,01/12/2022
106147-81T,229791-88,Smith Family Circle,Full,,0.0,,,01/12/2022
106147-81T,228740-95,Wild Ventures,Full,,0.0,,,01/12/2022
106147-81T,62299-09,Proton Enterprises,,,,,,01/12/2022
106147-81T,184475-17,Manara Capital,,,,,,01/12/2022
111995-65T,233125-48,Betaworks Ventures,Full,,0.0,,,01/12/2022
113559-76T,60036-76,Bregal Sagemount,Full,,0.0,,,01/12/2022
113622-40T,66182-95,11.2 Capital,Full,,0.0,,,01/12/2022
116999-65T,52912-00,PivotNorth Capital,Full,,0.0,13740-13F,PivotNorth Fund II,01/12/2022
118704-43T,42059-35,Calumet Specialty Products Partners,Partial,,,,,01/12/2022
120641-32T,11279-98,Quilvest Private Equity,Full,,0.0,,,01/12/2022
120641-32T,11252-44,New Leaf Venture,Full,,0.0,10968-76F,New Leaf Ventures II,01/12/2022
120641-32T,11304-28,Sprout Group,Full,,0.0,,,01/12/2022
120641-32T,11303-83,Spray Venture Partners,Full,,0.0,,,01/12/2022
123688-99T,226768-33,Five Seasons Ventures,Full,,0.0,,,01/12/2022
123695-20T,226768-33,Five Seasons Ventures,Full,,0.0,,,01/12/2022
125582-32T,115122-79,Duncan Niederauer,Full,,0.0,,,01/12/2022
127737-10T,182433-16,SoftBank Investment Advisers,Full,,0.0,15756-94F,SoftBank Vision Fund,01/12/2022
128601-01T,234815-95,Fidia Holding,Full,,0.0,,,01/12/2022
132958-00T,90410-41,Hyderabad Angels,Full,,0.0,,,01/12/2022
133827-76T,40829-14,Founder Collective,Full,,0.0,,,01/12/2022
134012-08T,25043-41,Riverwood Capital,Full,,0.0,12040-75F,Riverwood Capital Fund I,01/12/2022
134255-53T,226843-57,UpVentures,Full,,0.0,,,01/12/2022
135651-52T,434513-62,Polymath Capital Partners,Full,,0.0,,,01/12/2022
136279-90T,10357-03,Ridge Ventures,Full,,0.0,14421-16F,IDG Ventures USA III,01/12/2022
136279-90T,170613-46,Carnegie Technologies,Full,,0.0,,,01/12/2022
136279-90T,120913-21,Flight Ventures,Full,,0.0,,,01/12/2022
136279-90T,106738-30,rocketship.vc,Full,,0.0,,,01/12/2022
136279-90T,338638-33,Mahi De Silva,Full,,0.0,,,01/12/2022
136279-90T,161595-82,Defy Partners Management,Full,,0.0,,,01/12/2022
136279-90T,41895-55,Lowercase Capital,Full,,0.0,14591-08F,Lowercase Frontier,01/12/2022
137343-43T,11292-58,Samsung Venture Investment,Full,,0.0,,,01/12/2022
137343-43T,58811-50,Oakmont (Los Angeles),Full,,0.0,,,01/12/2022
137343-43T,11309-86,Tallwood Venture Capital,Full,,0.0,,,01/12/2022
137343-43T,50946-31,Southern Cross Venture Partners,Full,,0.0,,,01/12/2022
137358-91T,150042-52,Colle Capital Partners,Full,,0.0,,,01/12/2022
138554-02T,42240-70,Merrimack Pharmaceuticals,Partial,,,,,01/12/2022
138704-41T,57078-28,Telegraph Hill Capital,Full,,0.0,,,01/12/2022
139448-17T,436971-52,William Lowman,Full,,0.0,,,01/12/2022
139448-17T,436971-61,Cliff Ingari,Full,,0.0,,,01/12/2022
140330-98T,10883-17,The Pilot Group,Full,,0.0,,,01/12/2022
140330-98T,53905-69,Point Ventures Group,Full,,0.0,,,01/12/2022
140330-98T,11335-42,Western Technology Investment,Full,,0.0,,,01/12/2022
140330-98T,11321-29,True Ventures,Full,,0.0,,,01/12/2022
140330-98T,45704-44,Floodgate Fund,Full,,0.0,,,01/12/2022
140330-98T,53905-87,Colin Wiel Investments,Full,,0.0,,,01/12/2022
140789-98T,56237-68,General Electric Ventures,Full,,0.0,14071-87F,GE Healthymagination Fund,01/12/2022
142541-47T,267563-89,Lava Walk Ventures,Full,,0.0,,,01/12/2022
142541-47T,184622-41,Foothill Ventures,Full,,0.0,,,01/12/2022
146219-50T,239939-56,Next Level Growth Partners,Full,,0.0,,,01/12/2022
155438-20T,438711-58,BKT Capital,Full,,0.0,,,01/12/2022
158194-27T,182249-29,Innogy Innovation Hub,Full,,0.0,,,01/12/2022
158431-06T,443113-21,Salter Brothers,Full,,0.0,,,01/12/2022
158431-06T,443113-30,Mehdi Qerim,Full,,0.0,,,01/12/2022
158431-06T,115321-15,PeakSpan Capital,Full,,0.0,,,01/12/2022
158593-78T,54700-66,KF,Full,,0.0,,,01/12/2022
158593-78T,51460-12,Lacuna Gap Capital,Full,,0.0,,,01/12/2022
158593-78T,12429-28,Arc Capital Development,Full,,0.0,,,01/12/2022
158593-78T,54700-57,RayneMark Investments,Full,,0.0,,,01/12/2022
158836-33T,224384-77,Tunistic Capital,Full,,0.0,,,01/12/2022
163954-36T,56451-79,NextGen Venture Partners,Full,,0.0,,,01/12/2022
164741-59T,160859-26,Faridan,Full,,0.0,,,01/12/2022
166709-80T,62620-93,Kinzon Capital,Full,,0.0,,,01/12/2022
167189-77T,267574-15,Parkave Capital Group,Full,,0.0,,,01/12/2022
167932-09T,11261-80,Omega Funds,,,5.19,,,01/12/2022
167932-09T,96060-25,Fidelity Management & Research,,,7.21,,,01/12/2022
167932-09T,10444-24,The Invus Group,,,,,,01/12/2022
167932-09T,179326-99,HealthCor Management,,,,,,01/12/2022
167932-09T,41011-21,BVF Partners,,,,,,01/12/2022
167932-09T,10234-81,Farallon Capital Management,,,,,,01/12/2022
167932-09T,12606-40,Bristol-Myers Squibb,,,,,,01/12/2022
167932-09T,181630-00,MassCONNECT,,,,,,01/12/2022
167932-09T,277853-68,Logos Capital,,,,,,01/12/2022
167932-09T,121874-50,Cowen Healthcare Investments,,,,,,01/12/2022
167932-09T,11061-64,Citadel (Hedge Fund),,,,,,01/12/2022
167932-09T,11263-51,OrbiMed,,,22.78,,,01/12/2022
167932-09T,11132-20,Atlas Venture,,,14.19,,,01/12/2022
167932-09T,41333-95,Celgene,,,6.15,,,01/12/2022
168743-71T,121042-81,Larry Randall,Full,,0.0,,,01/12/2022
168743-71T,106648-03,Thomas Arrix,Full,,0.0,,,01/12/2022
168743-71T,121042-45,Faysal Sohail,Full,,0.0,,,01/12/2022
168743-71T,60945-31,Pantera Capital,Full,,0.0,,,01/12/2022
168743-71T,40668-76,TriplePoint Capital,Full,,0.0,,,01/12/2022
168743-71T,121043-08,Daniel Janney,Full,,0.0,,,01/12/2022
168743-71T,120913-21,Flight Ventures,Full,,0.0,,,01/12/2022
168743-71T,56752-12,Hard Yaka,Full,,0.0,,,01/12/2022
168743-71T,55863-10,Fifth Era,Full,,0.0,,,01/12/2022
168743-71T,121042-72,Kirk Dizon,Full,,0.0,,,01/12/2022
168743-71T,106492-78,Jordan Mendell,Full,,0.0,,,01/12/2022
168743-71T,461888-20,Giles Bateman,Full,,0.0,,,01/12/2022
168743-71T,121042-63,Guy Nohra,Full,,0.0,,,01/12/2022
168743-71T,125757-28,Ankush Gera,Full,,0.0,,,01/12/2022
168743-71T,109956-79,Arun Venkatachalam,Full,,0.0,,,01/12/2022
168743-71T,106259-41,Benjamin Narasin,Full,,0.0,,,01/12/2022
168743-71T,121042-90,Zeid Masri,Full,,0.0,,,01/12/2022
168743-71T,461888-56,Robert Kinsler,Full,,0.0,,,01/12/2022
168743-71T,106231-33,Vikas Gupta,Full,,0.0,,,01/12/2022
168743-71T,106275-25,Jason Port,Full,,0.0,,,01/12/2022
168743-71T,119009-53,Intellectus Partners,Full,,0.0,,,01/12/2022
168743-71T,121043-26,Nick Talarico,Full,,0.0,,,01/12/2022
168743-71T,121116-70,Tor Braham,Full,,0.0,,,01/12/2022
168743-71T,228746-08,11-11 Ventures,Full,,0.0,,,01/12/2022
168743-71T,51006-88,500 Global,Full,,0.0,,,01/12/2022
168743-71T,114585-76,Aurum Partners,Full,,0.0,,,01/12/2022
168743-71T,121043-17,Brett Terrill,Full,,0.0,,,01/12/2022
168743-71T,121042-99,David Collier,Full,,0.0,,,01/12/2022
168743-71T,223455-97,SPiCE VC,Full,,0.0,,,01/12/2022
168743-71T,107443-09,Jason Robins,Full,,0.0,,,01/12/2022
168743-71T,121043-35,Robert Simon,Full,,0.0,,,01/12/2022
169123-87T,56237-68,General Electric Ventures,Full,,0.0,,,01/12/2022
169131-52T,56237-68,General Electric Ventures,Full,,0.0,,,01/12/2022
169319-08T,42059-35,Calumet Specialty Products Partners,Full,,0.0,,,01/12/2022
169458-58T,51625-27,Osage University Partners,Full,,0.0,,,01/12/2022
169458-58T,42254-83,Mission Bay Capital,Full,,0.0,,,01/12/2022
169592-23T,11227-60,Khosla Ventures,Full,,0.0,,,01/12/2022
169592-23T,157762-54,Aviv Nevo,Full,,0.0,,,01/12/2022
169592-23T,106129-18,Nils Johnson,Full,,0.0,,,01/12/2022
169592-23T,106312-15,Adrian Aoun,Full,,0.0,,,01/12/2022
169592-23T,106182-91,Matt Humphrey,Full,,0.0,,,01/12/2022
169592-23T,105891-13,Craig Sherman,Full,,0.0,,,01/12/2022
169592-23T,55271-44,Acequia Capital,Full,,0.0,,,01/12/2022
169592-23T,106053-40,Benjamin Ling,Full,,0.0,,,01/12/2022
169592-23T,106093-90,Keith Rabois,Full,,0.0,,,01/12/2022
169592-23T,106092-64,Karl Jacob,Full,,0.0,,,01/12/2022
169592-23T,106091-65,Fritz Lanman,Full,,0.0,,,01/12/2022
169592-23T,105907-15,Kevin Colleran,Full,,0.0,,,01/12/2022
169592-23T,50980-60,SV Angel,Full,,0.0,,,01/12/2022
169592-23T,106503-49,Hironori Maeda,Full,,0.0,,,01/12/2022
169592-23T,105927-94,David Morin,Full,,0.0,,,01/12/2022
169592-23T,11228-50,Kleiner Perkins,Full,,0.0,,,01/12/2022
170850-43T,122215-51,Morgan Stanley Expansion Capital,Full,,0.0,,,01/12/2022
171085-06T,11138-68,Ben Franklin Technology Partner of Southeastern Pennsylvania,Full,,0.0,,,01/12/2022
171699-49T,52173-28,Start Fund,Full,,0.0,,,01/12/2022
171699-49T,11295-73,Sequoia Capital,Full,,0.0,,,01/12/2022
171699-49T,105986-71,Ullas Naik,Full,,0.0,,,01/12/2022
171699-49T,106060-15,Paul Graham,Full,,0.0,,,01/12/2022
171699-49T,48176-38,Uncork Capital,Full,,0.0,,,01/12/2022
171699-49T,106152-22,Aayush Phumbhra,Full,,0.0,,,01/12/2022
171699-49T,49063-60,GV,Full,,0.0,,,01/12/2022
171699-49T,51639-67,Kapor Capital,Full,,0.0,,,01/12/2022
171699-49T,105904-27,Yuri Milner,Full,,0.0,,,01/12/2022
171699-49T,43226-11,Ulu Ventures,Full,,0.0,,,01/12/2022
171699-49T,182462-95,GSV Ventures,Full,,0.0,,,01/12/2022
171699-49T,60177-61,Startup Weekend,Full,,0.0,,,01/12/2022
171699-49T,106054-30,Paul Buchheit,Full,,0.0,,,01/12/2022
171699-49T,11315-62,Founders Fund,Full,,0.0,,,01/12/2022
171699-49T,52353-46,SuRo Capital,Full,,0.0,,,01/12/2022
171699-49T,11333-26,Lightspeed Venture Partners,Full,,0.0,,,01/12/2022
171699-49T,106371-28,Deborah Quazzo,Full,,0.0,,,01/12/2022
171699-49T,40420-36,Y Combinator,Full,,0.0,,,01/12/2022
171699-49T,105893-83,Mitchell Kapor,Full,,0.0,,,01/12/2022
171699-49T,105857-20,Sam Altman,Full,,0.0,,,01/12/2022
171699-49T,111253-96,Kevin Rose,Full,,0.0,,,01/12/2022
171699-49T,45704-44,Floodgate Fund,Full,,0.0,,,01/12/2022
171699-49T,50980-60,SV Angel,Full,,0.0,,,01/12/2022
171699-49T,106062-40,Peter Thiel,Full,,0.0,,,01/12/2022
171699-49T,10134-73,Bessemer Venture Partners,Full,,0.0,,,01/12/2022
171699-49T,54726-76,Initialized Capital Management,Full,,0.0,,,01/12/2022
171699-49T,106114-06,Alexis Ohanian,Full,,0.0,,,01/12/2022
171699-49T,106605-55,Aaron Iba,Full,,0.0,,,01/12/2022
171699-49T,106033-87,Ashton Kutcher,Full,,0.0,,,01/12/2022
171699-49T,106310-08,Joshua Reeves,Full,,0.0,,,01/12/2022
171699-49T,57697-12,Streamlined Ventures,Full,,0.0,,,01/12/2022
171699-49T,105890-77,Garry Tan,Full,,0.0,,,01/12/2022
171924-85T,442499-05,GrayArch Partners,,,,,,01/12/2022
171924-85T,57331-54,KCK Group,,,,,,01/12/2022
171924-85T,10503-73,Pine Brook Partners,,,,13493-62F,Pine Brook Capital Partners II,01/12/2022
171924-85T,124929-82,Gaingels,,,,,,01/12/2022
171924-85T,11574-55,Healthcare of Ontario Pension Plan,,,,,,01/12/2022
171924-85T,111389-68,1/0 Capital,,,,,,01/12/2022
171924-85T,12415-42,Ping An Insurance (Group) Company of China,,,,15964-48F,The Ping An Global Voyager Fund,01/12/2022
171924-85T,231659-83,Aliya Capital Partners,,,,,,01/12/2022
171924-85T,469096-21,Millennia Capital,,,,,,01/12/2022
171924-85T,182433-16,SoftBank Investment Advisers,,,,15756-94F,SoftBank Vision Fund,01/12/2022
171924-85T,12004-12,AGNC Investment,,,,,,01/12/2022
171924-85T,10024-75,Citigroup,,,,,,01/12/2022
171924-85T,266228-38,Ally Ventures,,,,,,01/12/2022
171924-85T,60082-66,Alumni Ventures Group,,,,16253-47F,Triphammer Ventures Fund 1,01/12/2022
171924-85T,11228-50,Kleiner Perkins,,,,15605-47F,KPCB Digital Growth Fund III,01/12/2022
171924-85T,56877-76,Goldman Sachs Growth Equity,,,,,,01/12/2022
171924-85T,10791-28,Ally Financial,,,,,,01/12/2022
171924-85T,435244-96,Calm Ventures,,,,,,01/12/2022
171924-85T,61064-38,Activant Capital,,,,16505-65F,Activant Ventures III,01/12/2022
171924-85T,50986-90,IA Ventures,,,,15161-86F,IA Venture Strategies Fund III,01/12/2022
171924-85T,125262-64,Moderne Ventures,,,,,,01/12/2022
171924-85T,235306-45,9Yards Capital,,,,17599-69F,9Yards Opportunities,01/12/2022
171924-85T,128386-72,Fenway Summer Ventures,,,,18690-76F,FS Venture Capital LLC,01/12/2022
171924-85T,468938-08,Elevation Capital,,,,,,01/12/2022
171924-85T,465274-63,Esalen Ventures,Full,,0.0,,,01/12/2022
171924-85T,463021-30,Arceau Capital,,,,,,01/12/2022
171924-85T,150732-01,L Catterton,,,,15959-35F,L Capital I,01/12/2022
171924-85T,466985-89,Sparq Capital (United States),Full,,0.0,,,01/12/2022
171924-85T,459826-21,Artfo Holdings,,,,,,01/12/2022
171924-85T,64452-61,American Express Ventures,,,,13385-17F,American Express Venture Capital Fund,01/12/2022
171924-85T,53737-66,G Squared,,,,,,01/12/2022
171924-85T,489506-50,Mango.vc,Full,,0.0,,,01/12/2022
171924-85T,268227-37,Fantail Ventures,Full,,0.0,,,01/12/2022
171924-85T,51009-76,HBS Angels Alumni Association,,,,,,01/12/2022
171924-85T,10043-83,The Goldman Sachs Group,,,,,,01/12/2022
174047-23T,170791-66,E Squared Capital Management,Full,,0.0,,,01/12/2022
174047-23T,11207-44,HBM Partners,,,,,,01/12/2022
174047-23T,232200-10,Koch Disruptive Technologies,,,,,,01/12/2022
174047-23T,10879-57,Public Sector Pension Investment Board,,,,,,01/12/2022
174047-23T,277705-63,Longevity Vision Fund,,,,,,01/12/2022
174047-23T,11262-52,Flagship Pioneering,,,,,,01/12/2022
174047-23T,10444-24,The Invus Group,,,,,,01/12/2022
174047-23T,10594-72,Atinum Investment,,,,,,01/12/2022
174047-23T,267160-96,Mirae Asset Capital,,,,,,01/12/2022
174047-23T,399257-56,MissionBlue Capital Partners,,,,,,01/12/2022
174252-97T,467775-64,The Trimble Trust,,,,,,01/12/2022
174252-97T,11141-11,Catalyst Health Ventures,Partial,,3.3,13411-00F,Catalyst Health Ventures Fund,01/12/2022
174252-97T,11457-46,Anthem (Life and Health Insurance),,,10.2,,,01/12/2022
174252-97T,51625-27,Osage University Partners,Partial,,,12989-98F,Osage University Partners I,01/12/2022
174252-97T,436026-79,Parian Global Management,,,,17722-99F,Parian Global US Fund II,01/12/2022
174252-97T,11551-42,Bill & Melinda Gates Foundation,,,,,,01/12/2022
174252-97T,342097-30,Chione Ltd,,,5.9,,,01/12/2022
174252-97T,55598-14,Baker Bros. Advisors,Partial,,4.6,"11014-39F, 18175-60F","667 Capital Fund,Baker Brothers Life Sciences",01/12/2022
174252-97T,266690-26,Intermountain Ventures,,,,17580-43F,Intermountain Ventures Fund,01/12/2022
174252-97T,11125-00,Vivo Capital,,,5.3,16414-03F,Vivo Capital Fund IX,01/12/2022
174252-97T,10241-02,Domain Associates,Partial,,8.4,12498-94F,Domain Partners VIII,01/12/2022
174252-97T,118922-05,Blue Ox Healthcare Partners,,,14.6,,,01/12/2022
174252-97T,226489-87,aMoon Fund,Partial,,5.3,16307-11F,aMoon Growth,01/12/2022
174252-97T,58119-49,Excelestar Ventures,,,,,,01/12/2022
174252-97T,41152-24,Laboratory Corporation of America,,,5.4,,,01/12/2022
174252-97T,179240-41,InterWest Health Partners,,,8.3,,,01/12/2022
174252-97T,51463-18,UpStart Ventures (Salt Lake City),Partial,,1.2,13531-15F,Upstart Life Sciences Capital,01/12/2022
176141-08T,97884-01,4Catalyzer,,,,,,01/12/2022
176141-08T,431291-35,LSS Private Equity,,,,,,01/12/2022
176141-08T,100191-79,Zepp Health,,,,,,01/12/2022
176141-08T,436310-65,Axiom Associates,,,,,,01/12/2022
176141-08T,53228-80,Dolby Family Ventures,,,,,,01/12/2022
176141-08T,472254-04,Nextrans,Full,,0.0,,,01/12/2022
176141-08T,162834-04,Hildred Capital Partners,,,,,,01/12/2022
176141-08T,150042-52,Colle Capital Partners,,,,15391-54F,Colle Capital Partners I,01/12/2022
176141-08T,11551-42,Bill & Melinda Gates Foundation,,,,,,01/12/2022
176141-08T,463179-25,Mint Venture Partners (Seoul),,,,,,01/12/2022
176141-08T,49063-60,GV,,,,16010-29F,Google AI Venture Fund,01/12/2022
176223-43T,49063-60,GV,,,,,,01/12/2022
176223-43T,11278-36,Pacific Venture Group,,,,,,01/12/2022
176223-43T,180366-22,Cathay Venture,,,,,,01/12/2022
176223-43T,165770-02,Changchun High and New Technology Industries Group,,,,,,01/12/2022
176223-43T,57716-65,Joseph Gunnar & Co.,,,,,,01/12/2022
176223-43T,225698-59,GeneScience Pharmaceuticals,,,,,,01/12/2022
176223-43T,57015-28,VentureHealth,,,,,,01/12/2022
176223-43T,13257-46,Shire,,,,,,01/12/2022
176223-43T,102514-15,Opportunity Fund,,,,,,01/12/2022
176223-43T,166422-79,PurpleSky Capital,,,,,,01/12/2022
176223-43T,114492-34,Crystal Horizon Investment,,,,,,01/12/2022
176223-43T,82766-89,Bossa Nova Investimentos,,,,,,01/12/2022
176223-43T,453411-37,John Parsons,,,,,,01/12/2022
176223-43T,106730-20,KPC Pharmaceuticals,,,,,,01/12/2022
176223-43T,94166-65,The Propell Group,,,,,,01/12/2022
176223-43T,11259-10,Novartis Venture Fund,,,,,,01/12/2022
176223-43T,14156-92,InCube Ventures,,,80.4,,,01/12/2022
176223-43T,99383-59,Stevanato Group,,,,,,01/12/2022
176223-43T,10612-54,AstraZeneca,,,,,,01/12/2022
176223-43T,154260-64,Ruben Azrak,,,,,,01/12/2022
176223-43T,114492-52,Pinemount Investments,,,,,,01/12/2022
176223-43T,471631-15,Pivotal Life Sciences,,,,,,01/12/2022
176223-43T,453411-19,Larry Albukerk,,,,,,01/12/2022
176223-43T,125851-06,Ping An Ventures,,,,,,01/12/2022
176223-43T,153756-91,VI Ventures,,,,,,01/12/2022
176223-43T,181651-60,Alpha Square Group,,,,,,01/12/2022
176223-43T,453410-83,Alan Huang,,,,,,01/12/2022
176226-85T,166470-58,Freemark Partners,Full,,0.0,,,01/12/2022
176413-42T,10241-47,Kennet Partners,Full,,0.0,,,01/12/2022
176848-12T,51692-68,A Capital,Full,,0.0,,,01/12/2022
176890-24T,51748-75,Perceptive Advisors,,,10.18,,,01/12/2022
176890-24T,51019-75,National Cancer Institute,,,,,,01/12/2022
176890-24T,14182-66,Spring Mountain Capital,,,15.58,,,01/12/2022
176890-24T,180511-66,Northpond Ventures,,,20.01,,,01/12/2022
176890-24T,11621-89,Yale University Endowment,,,,,,01/12/2022
176890-24T,52499-80,National Institutes of Health,,,,,,01/12/2022
176890-24T,10768-06,BlackRock,,,4.15,,,01/12/2022
176890-24T,11221-39,Ironwood Capital,,,,,,01/12/2022
176890-24T,103429-54,YEI Innovation Fund,,,,,,01/12/2022
176890-24T,60216-58,Ally Bridge Group,,,,,,01/12/2022
176890-24T,11174-14,Connecticut Innovations,,,6.88,,,01/12/2022
176890-24T,52158-25,U.S. Department of Health and Human Services,,,,,,01/12/2022
176890-24T,42820-57,North Sound Capital,,,6.83,,,01/12/2022
176973-04T,228475-00,Town Hall Ventures,Partial,,,16349-41F,Town Hall Ventures,01/12/2022
178555-87T,56711-98,Consolidated Investment Group,Full,,0.0,,,01/12/2022
178555-87T,51090-04,Bohemian Companies,Full,,0.0,,,01/12/2022
178986-79T,62716-78,Alexandria Venture Investments,,,,,,01/12/2022
178986-79T,56114-02,Eventide Asset Management,,,,,,01/12/2022
178986-79T,122902-30,Janus Henderson Investors,,,,,,01/12/2022
178986-79T,10522-18,Altitude Life Science Ventures,,,,,,01/12/2022
178986-79T,277853-68,Logos Capital,,,,,,01/12/2022
178986-79T,464248-81,Deep Track Capital,,,,,,01/12/2022
178986-79T,11252-44,New Leaf Venture,,,,,,01/12/2022
178986-79T,61040-80,Driehaus Capital Management,,,,,,01/12/2022
178986-79T,51625-27,Osage University Partners,,,,,,01/12/2022
178986-79T,181048-87,Agent Capital,,,,,,01/12/2022
178986-79T,180511-66,Northpond Ventures,,,8.4,,,01/12/2022
178986-79T,149417-02,Sanofi Ventures,,,,,,01/12/2022
178986-79T,41009-68,RA Capital Management,,,10.5,,,01/12/2022
178986-79T,282399-49,Asymmetry Capital Management,,,,,,01/12/2022
178986-79T,90317-80,Miller Investment Management,,,,,,01/12/2022
178986-79T,233913-70,Soleus Capital,,,,,,01/12/2022
179176-42T,465832-27,Mastry,Full,,0.0,,,01/12/2022
179176-42T,84474-19,Centrecourt Asset Management,Full,,0.0,,,01/12/2022
179176-42T,106519-33,Carl Berg,Full,,0.0,,,01/12/2022
179176-42T,51239-71,Anchorage Capital Group,Full,,0.0,,,01/12/2022
179176-42T,454538-80,Garrett Van Wagoner,Full,,0.0,,,01/12/2022
179176-42T,65305-54,Osborn Companies,Full,,0.0,,,01/12/2022
179176-42T,111395-53,Diogo Myrrha,Full,,0.0,,,01/12/2022
179176-42T,12469-33,Danaher,Full,,0.0,,,01/12/2022
179176-42T,455173-66,Acuity Partners,Full,,0.0,,,01/12/2022
179176-42T,462062-71,Richard Hanks,Full,,0.0,,,01/12/2022
179501-23T,51595-21,Collaborative Fund,Full,,0.0,,,01/12/2022
179733-52T,124009-75,Shyam Kamadolli,Full,,0.0,,,01/12/2022
179733-52T,124929-64,F-Prime Capital,Full,,0.0,,,01/12/2022
179733-52T,10352-98,First Data,Full,,0.0,,,01/12/2022
179733-52T,10905-04,Eight Roads,Full,,0.0,,,01/12/2022
179733-52T,10058-77,Great Hill Partners,Full,,0.0,,,01/12/2022
179733-52T,42183-19,.406 Ventures,Full,,0.0,,,01/12/2022
180075-79T,11607-49,Stanford Management Company,Full,,0.0,,,01/12/2022
180168-13T,57226-51,Rock Springs Capital,,,,,,01/12/2022
180168-13T,11261-80,Omega Funds,,,,16487-38F,Omega Fund VI,01/12/2022
180168-13T,52229-35,Adage Capital Management,,,,,,01/12/2022
180168-13T,41157-55,Omega Healthcare Investors,,,,,,01/12/2022
180168-13T,266424-58,Boxer Capital,,,,,,01/12/2022
180168-13T,434336-50,Nextech Ventures,,,,,,01/12/2022
180168-13T,13473-10,Longitude Capital,,,,16802-56F,Longitude Venture Partners IV,01/12/2022
180168-13T,53326-54,Pontifax Venture Capital,,,,18109-99F,Pontifax Fund VI,01/12/2022
180168-13T,41217-40,Ariad Pharmaceuticals,,,4.3,,,01/12/2022
180168-13T,54064-81,Foresite Capital Management,,,8.1,16905-52F,Foresite Capital Fund V,01/12/2022
180168-13T,11263-51,OrbiMed,,,43.2,16208-11F,OrbiMed Private Investments VII,01/12/2022
180168-13T,10234-81,Farallon Capital Management,,,,,,01/12/2022
180168-13T,10072-54,T. Rowe Price,,,,17848-18F,T. Rowe Price Term Asset-Backed Opportunity Fund II,01/12/2022
180337-06T,51143-68,Oregon Venture Fund,Full,,0.0,,,01/12/2022
180337-06T,11111-14,Applied Ventures,Full,,0.0,,,01/12/2022
180337-06T,107141-86,Michael Stewart,Full,,0.0,,,01/12/2022
180337-06T,55873-00,Oregon Nanoscience and Microtechnologies Institute,Full,,0.0,,,01/12/2022
180337-06T,81906-40,Air Liquide Venture Capital,Full,,0.0,,,01/12/2022
180337-06T,63753-49,JSR Micro,Full,,0.0,,,01/12/2022
180337-06T,466651-18,Juliette Hallberg,Full,,0.0,,,01/12/2022
180337-06T,90293-14,Tokyo Ohka Kogyo Company,Full,,0.0,,,01/12/2022
180337-06T,11220-13,Intel Capital,Full,,0.0,,,01/12/2022
180337-06T,461835-91,Brian Vierra,Full,,0.0,,,01/12/2022
180337-06T,466651-36,Justin Curzi,Full,,0.0,,,01/12/2022
180337-06T,51038-20,National Science Foundation,Full,,0.0,,,01/12/2022
180337-06T,11292-58,Samsung Venture Investment,Full,,0.0,,,01/12/2022
180337-06T,40737-97,Taiwan Semiconductor Manufacturing Company,Full,,0.0,,,01/12/2022
180337-06T,466651-27,Stuart Read,Full,,0.0,,,01/12/2022
180337-06T,10195-03,SK Hynix,Full,,0.0,,,01/12/2022
180337-06T,109405-18,The R-Group,Full,,0.0,,,01/12/2022
180337-06T,107832-61,Bandgap Ventures,Full,,0.0,,,01/12/2022
180544-24T,52588-54,Augment Ventures,Full,,0.0,15761-08F,Augment Ventures Fund II,01/12/2022
180995-23T,105890-77,Garry Tan,Full,,0.0,,,01/12/2022
180995-23T,11228-50,Kleiner Perkins,Full,,0.0,,,01/12/2022
180995-23T,118436-23,Rakesh Agrawal,Full,,0.0,,,01/12/2022
180995-23T,41716-90,Andreessen Horowitz,Full,,0.0,,,01/12/2022
180995-23T,119671-30,Mark Hager,Full,,0.0,,,01/12/2022
180995-23T,106625-17,Tikhon Bernstam,Full,,0.0,,,01/12/2022
180995-23T,106382-62,Justin Mateen,Full,,0.0,,,01/12/2022
180995-23T,105940-36,Christopher Devore,Full,,0.0,,,01/12/2022
180995-23T,119089-18,Ellen Pao,Full,,0.0,,,01/12/2022
180995-23T,52173-28,Start Fund,Full,,0.0,,,01/12/2022
180995-23T,106310-08,Joshua Reeves,Full,,0.0,,,01/12/2022
180995-23T,106146-46,Troy Carter,Full,,0.0,,,01/12/2022
180995-23T,106114-06,Alexis Ohanian,Full,,0.0,,,01/12/2022
180995-23T,106145-47,Seth Berman,Full,,0.0,,,01/12/2022
180995-23T,43003-54,Founders' Co-op,Full,,0.0,,,01/12/2022
181419-76T,10818-82,Ziff Davis Publishing Holdings,Full,,0.0,,,01/12/2022
181419-76T,40391-47,Australia Future Fund,Full,,0.0,,,01/12/2022
181419-76T,90547-48,IBM Ventures,Full,,0.0,,,01/12/2022
181419-76T,166684-42,ADIT Ventures,Full,,0.0,,,01/12/2022
181419-76T,11184-67,Sigma Partners,Full,,0.0,,,01/12/2022
181419-76T,11208-16,Hearst Ventures,Full,,0.0,,,01/12/2022
181419-76T,10555-48,Hearst Communications,Full,,0.0,,,01/12/2022
181419-76T,25283-80,Catholic Health Initiatives,Full,,0.0,,,01/12/2022
181419-76T,11867-23,Highland Capital Partners,Full,,0.0,,,01/12/2022
181419-76T,12261-07,TriZetto,Full,,0.0,,,01/12/2022
181419-76T,227341-90,NF Trinity Capital (Hong Kong),Full,,0.0,,,01/12/2022
181419-76T,11169-82,EDBI,Full,,0.0,,,01/12/2022
181419-76T,126812-62,Flare Capital Partners,Full,,0.0,,,01/12/2022
181419-76T,11577-97,ITOCHU Technology Ventures,Full,,0.0,,,01/12/2022
181419-76T,10134-73,Bessemer Venture Partners,Full,,0.0,,,01/12/2022
181419-76T,11210-32,HLM Venture Partners,Full,,0.0,,,01/12/2022
181419-76T,53560-63,Grupo de Inversiones Suramericana,Full,,0.0,,,01/12/2022
181419-76T,11251-81,New Enterprise Associates,Full,,0.0,,,01/12/2022
181419-76T,40783-15,Trustmark Companies,Full,,0.0,,,01/12/2022
181419-76T,11246-86,Miramar Digital Ventures,Full,,0.0,,,01/12/2022
181419-76T,10463-23,Silicon Valley Bank,Full,,0.0,,,01/12/2022
181419-76T,11261-53,Okapi Venture Capital,Full,,0.0,,,01/12/2022
181419-76T,11279-08,Qualcomm Ventures,Full,,0.0,,,01/12/2022
181419-76T,52225-66,The Entrepreneurs' Funds,Full,,0.0,,,01/12/2022
181419-76T,471631-15,Pivotal Life Sciences,Full,,0.0,,,01/12/2022
181419-76T,162301-60,Veronorte,Full,,0.0,,,01/12/2022
181419-76T,106287-13,Jeffrey Margolis,Full,,0.0,,,01/12/2022
181419-76T,50896-36,Everyday Health,Full,,0.0,,,01/12/2022
181419-76T,40431-25,Georgian,Full,,0.0,,,01/12/2022
181419-76T,11171-44,Emergence Capital Partners,Full,,0.0,,,01/12/2022
181419-76T,11220-22,InterWest Partners,Full,,0.0,,,01/12/2022
181419-76T,11215-63,Flybridge Capital Partners,Full,,0.0,,,01/12/2022
181476-82T,13346-29,Wellington Management,,,,,,01/12/2022
181476-82T,181048-87,Agent Capital,,,,,,01/12/2022
181476-82T,462988-36,TCG Crossover Management,,,,,,01/12/2022
181476-82T,11104-03,5AM Ventures,,,13.89,15611-05F,5AM Ventures V,01/12/2022
181476-82T,10474-57,Point72 Asset Management,,,,,,01/12/2022
181476-82T,51732-28,Redmile Group,,,,,,01/12/2022
181476-82T,11241-82,MPM Capital,,,14.45,,,01/12/2022
181476-82T,228853-09,MRL Ventures Fund,,,5.81,17840-26F,MRL Ventures Fund,01/12/2022
181476-82T,25344-19,Qatar Investment Authority,,,,,,01/12/2022
181476-82T,10043-83,The Goldman Sachs Group,,,,,,01/12/2022
181476-82T,228475-27,CureDuchenne Ventures,,,,,,01/12/2022
181476-82T,55598-14,Baker Bros. Advisors,,,,,,01/12/2022
181476-82T,231681-70,Moore Strategic Ventures,,,,,,01/12/2022
181476-82T,11284-84,Roche Venture Fund,,,9.4,,,01/12/2022
181482-13T,11248-93,Greenspring Associates,Full,,0.0,,,01/12/2022
182007-82T,10446-40,Rho Ventures,Full,,0.0,,,01/12/2022
182007-82T,11274-22,Polaris Partners,Full,,0.0,,,01/12/2022
182007-82T,11335-42,Western Technology Investment,Full,,0.0,,,01/12/2022
182007-82T,10601-11,Intelligent Beauty,Full,,0.0,,,01/12/2022
182007-82T,277615-72,Nimble Ventures,Full,,0.0,,,01/12/2022
182007-82T,11208-79,Hercules Capital,Full,,0.0,,,01/12/2022
182139-49T,230053-15,Omega Venture Partners,,,,,,01/12/2022
182139-49T,24981-04,Compound,,,,,,01/12/2022
182139-49T,106420-15,Ryan Holmes,,,,,,01/12/2022
182139-49T,10052-20,Battery Ventures,,,21.5,,,01/12/2022
182139-49T,160056-64,Runway Venture Partners,,,,,,01/12/2022
182139-49T,11220-22,InterWest Partners,Partial,1.3,4.1,,,01/12/2022
182139-49T,51468-67,Bullpen Capital,,,,,,01/12/2022
182139-49T,469864-63,John Milciunas,,,,,,01/12/2022
182139-49T,58804-66,Rally Ventures,,,5.9,,,01/12/2022
182139-49T,55970-02,ICONIQ Capital,,,16.6,,,01/12/2022
182139-49T,63589-24,T5 Equity Partners,,,,,,01/12/2022
182139-49T,11296-45,Shasta Ventures,,,,,,01/12/2022
182139-49T,54623-44,T5 Capital,,,,,,01/12/2022
182139-49T,112411-00,Marc Parrish,,,,,,01/12/2022
182139-49T,11303-02,Spark Capital,,,,,,01/12/2022
182139-49T,11127-25,Blumberg Capital,,,,,,01/12/2022
182139-49T,229660-21,Jonathan Soberg,,,,,,01/12/2022
182139-49T,54020-62,Sprinklr,,,,,,01/12/2022
182139-49T,149120-20,Supernode Ventures,,,,,,01/12/2022
182139-49T,51763-69,Blumberg Capital Partners,,,5.5,,,01/12/2022
182139-49T,432781-93,Braid (Financial Software),,,,,,01/12/2022
182139-49T,11158-39,Cross Creek,,,,,,01/12/2022
182139-49T,469864-27,Victoria Cheng,,,,,,01/12/2022
182139-49T,54461-80,Citi Ventures,,,,,,01/12/2022
182139-49T,10357-03,Ridge Ventures,,,,,,01/12/2022
182139-49T,106025-23,Michael Lazerow,,,,,,01/12/2022
182139-49T,50987-89,Accelerator Venture Capital Management,,,,,,01/12/2022
182139-49T,53898-76,InVision (Multimedia and Design Software),,,,,,01/12/2022
182139-49T,11293-66,Sapphire Ventures,,,,,,01/12/2022
182139-49T,11240-47,Meritech Capital Partners,,,5.7,,,01/12/2022
182139-49T,114834-79,Ankur Jain,,,,,,01/12/2022
182372-23T,52815-70,Tuesday Capital,Full,,0.0,,,01/12/2022
182372-23T,113035-96,Kindling Capital,Full,,0.0,,,01/12/2022
182372-23T,56214-37,Mesa Ventures,Full,,0.0,,,01/12/2022
182372-23T,52173-28,Start Fund,Full,,0.0,,,01/12/2022
182372-23T,52604-38,A-Grade Investments,Full,,0.0,,,01/12/2022
182372-23T,50980-60,SV Angel,Full,,0.0,,,01/12/2022
182374-21T,61372-27,DHVC,Full,,0.0,,,01/12/2022
182374-21T,99609-31,Ant Group,Full,,0.0,,,01/12/2022
182925-64T,452764-54,La Maison Partners,,,,,,01/12/2022
182925-64T,11329-48,Vintage Investment Partners,,,,,,01/12/2022
182925-64T,11191-96,Greylock Partners,,,,,,01/12/2022
182925-64T,11572-30,Hamilton Lane,,,,,,01/12/2022
182925-64T,169157-08,UBS La Maison de Gestion,,,,,,01/12/2022
182925-64T,41531-23,Wynn Resorts,,,,,,01/12/2022
182925-64T,54192-97,FanDuel,,,,,,01/12/2022
182925-64T,10765-99,Kreos Capital,,,,,,01/12/2022
182925-64T,100464-85,North Base Media,,,,,,01/12/2022
182925-64T,57256-66,Qumra Capital,,,,,,01/12/2022
182925-64T,481819-42,Boaz Dinte,,,,,,01/12/2022
182925-64T,10262-53,ProSiebenSat.1 Media,,,,,,01/12/2022
182925-64T,223010-02,Maor Investments,,,,,,01/12/2022
182925-64T,55618-12,Red Sea Ventures,,,,,,01/12/2022
182925-64T,42995-26,Dawn Capital,,,,,,01/12/2022
182925-64T,10052-20,Battery Ventures,,,,,,01/12/2022
182925-64T,10043-83,The Goldman Sachs Group,,,,,,01/12/2022
182925-64T,60019-93,Miroma Ventures,,,,,,01/12/2022
182925-64T,66325-78,Seven Accelerator,,,,,,01/12/2022
182925-64T,481819-33,Erez Shachar,,,,,,01/12/2022
182925-64T,168128-02,Vintage Capital Investments,,,,,,01/12/2022
182925-64T,183359-08,Remagine Ventures,,,,,,01/12/2022
182925-64T,11197-00,Gemini Israel Ventures,,,,,,01/12/2022
182995-21T,10262-62,Collins Aerospace,Full,,0.0,,,01/12/2022
182995-21T,11561-50,Darwin Ventures,Full,,0.0,,,01/12/2022
183046-15T,120916-72,Chris Silbermann,Full,,0.0,,,01/12/2022
183046-15T,125084-71,Precursor Ventures,Full,,0.0,,,01/12/2022
183046-15T,66064-60,CourtsideVC,Full,,0.0,,,01/12/2022
183046-15T,437013-73,Powerhouse Capital (California),Full,,0.0,,,01/12/2022
183046-15T,222235-03,Bedrock,Full,,0.0,,,01/12/2022
183046-15T,109528-57,Michael Horvath,Full,,0.0,,,01/12/2022
183046-15T,442980-37,Andrew Goletka,Full,,0.0,,,01/12/2022
183046-15T,157278-70,Ore Ventures,Full,,0.0,,,01/12/2022
183046-15T,11315-62,Founders Fund,Full,,0.0,,,01/12/2022
183046-15T,227345-86,Rabil Ventures,Full,,0.0,,,01/12/2022
183046-15T,432677-62,Cobalt Capital (Santa Monica),Full,,0.0,,,01/12/2022
183046-15T,232055-92,Coefficient Capital,Full,,0.0,,,01/12/2022
183046-15T,149970-97,Ali Rowghani,Full,,0.0,,,01/12/2022
183046-15T,56613-25,Plus Capital,Full,,0.0,,,01/12/2022
183046-15T,52900-57,The Chernin Group,Full,,0.0,,,01/12/2022
183046-15T,231726-97,LionTree Partners,Full,,0.0,,,01/12/2022
183046-15T,60315-22,Luminari Capital,Full,,0.0,,,01/12/2022
183046-15T,11280-34,Bertelsmann Digital Media Investments,Full,,0.0,,,01/12/2022
183046-15T,11174-86,Comcast Ventures,Full,,0.0,,,01/12/2022
183046-15T,64045-45,Amasia,Full,,0.0,,,01/12/2022
183046-15T,40420-36,Y Combinator,Full,,0.0,,,01/12/2022
183046-15T,184769-65,Evolution Media Capital,Full,,0.0,,,01/12/2022
183046-15T,56380-87,Jackson Square Ventures,Full,,0.0,,,01/12/2022
183046-15T,153419-41,Switch Ventures,Full,,0.0,,,01/12/2022
183046-15T,52649-11,Advancit Capital,Full,,0.0,,,01/12/2022
183046-15T,266973-40,Lemonade Capital,Full,,0.0,,,01/12/2022
183046-15T,106118-74,Andy Rankin,Full,,0.0,,,01/12/2022
183160-54T,437993-74,SaleXCapital,Full,,0.0,,,01/12/2022
183160-54T,56811-52,The Arcview Group,Full,,0.0,,,01/12/2022
183160-54T,186711-40,HALLEY Venture Partners,Full,,0.0,,,01/12/2022
183160-54T,183284-47,Argonautic Ventures,Full,,0.0,,,01/12/2022
183160-54T,228252-61,Altitude Investment Management,Full,,0.0,,,01/12/2022
183160-54T,184335-94,Green Acre Capital,Full,,0.0,,,01/12/2022
183160-54T,107510-32,Service Provider Capital,Full,,0.0,,,01/12/2022
183292-30T,11300-86,Sorrento Associates,Full,,0.0,,,01/12/2022
183292-30T,52359-13,Poole Investment Ventures,Full,,0.0,,,01/12/2022
183292-30T,11266-57,Palisades Growth Capital,Full,,0.0,,,01/12/2022
183292-30T,11300-50,SoftBank Capital,Full,,0.0,,,01/12/2022
183292-30T,10322-83,Tech Coast Angels,Full,,0.0,,,01/12/2022
183292-30T,11000-08,Smac Partners,Full,,0.0,,,01/12/2022
183292-30T,54172-81,Plug and Play Tech Center,Full,,0.0,,,01/12/2022
183292-30T,10463-23,Silicon Valley Bank,Full,,0.0,,,01/12/2022
183292-30T,52358-95,Acumen Ventures,Full,,0.0,,,01/12/2022
183292-30T,11316-34,Steamboat Ventures,Full,,0.0,,,01/12/2022
183292-30T,11330-83,Voyager Capital,Full,,0.0,,,01/12/2022
183292-30T,11111-95,Arcturus Capital,Full,,0.0,,,01/12/2022
183434-05T,11154-61,Eastward Capital Partners,Full,,0.0,,,01/12/2022
183706-75T,53539-93,Hyde Park Venture Partners,,,,,,01/12/2022
183706-75T,181092-61,ServiceNow Ventures,,,,,,01/12/2022
183706-75T,11229-85,Madrona Venture Group,,,,,,01/12/2022
183706-75T,56829-97,Bowery Capital,,,,,,01/12/2022
183706-75T,55203-85,Cintrifuse,,,,,,01/12/2022
183706-75T,55614-43,Vine Street Ventures,,,,,,01/12/2022
183706-75T,11331-91,EPIC Ventures,,,,,,01/12/2022
183706-75T,10052-20,Battery Ventures,,,,,,01/12/2022
183706-75T,10331-11,Insight Partners,,,,,,01/12/2022
183706-75T,267073-84,Okta Ventures,,,,,,01/12/2022
183706-75T,107882-74,Salesforce Ventures,,,,,,01/12/2022
184231-18T,108601-48,Mosaic Health Solutions,Full,,0.0,,,01/12/2022
185050-18T,11776-33,Axel Springer,Full,,0.0,,,01/12/2022
185050-18T,52916-50,Raptor Group,Full,,0.0,,,01/12/2022
185050-18T,11191-87,Greycroft,Full,,0.0,14610-97F,Greycroft Growth,01/12/2022
185050-18T,224307-73,Discovery Communications Ventures,Full,,0.0,,,01/12/2022
185050-18T,50980-69,Lerer Hippeau Ventures,Full,,0.0,15858-64F,Lerer Hippeau Ventures Select Fund,01/12/2022
185050-18T,10070-83,Oak Investment Partners,Full,,0.0,14661-19F,G-O Scale Capital,01/12/2022
185365-54T,57226-51,Rock Springs Capital,,,,,,01/12/2022
185365-54T,222630-76,CinRx Pharma,,,7.9,,,01/12/2022
185365-54T,52229-35,Adage Capital Management,,,,,,01/12/2022
185365-54T,11261-80,Omega Funds,,,,16487-38F,Omega Fund VI,01/12/2022
185365-54T,51748-75,Perceptive Advisors,,,,,,01/12/2022
185365-54T,53329-24,venBio,,,,16362-10F,venBio Global Strategic Fund III,01/12/2022
185365-54T,11300-05,Sofinnova Partners,,,14.4,16848-19F,Sofinnova Capital IX,01/12/2022
185365-54T,10120-60,General Atlantic,,,6.6,16621-03F,General Atlantic Investment Partners 2019,01/12/2022
185365-54T,11104-03,5AM Ventures,,,10.6,,,01/12/2022
185365-54T,56411-56,RTW Investments,,,,,,01/12/2022
185365-54T,41011-21,BVF Partners,,,,,,01/12/2022
185365-54T,11300-14,Sofinnova Investments,,,10.6,15693-58F,Sofinnova Venture Partners X,01/12/2022
185365-54T,58663-63,Lilly Asia Ventures,,,,15877-27F,LAV Biosciences Fund IV,01/12/2022
185365-54T,226991-44,Sixty Degree Capital,,,,,,01/12/2022
185367-07T,56345-86,Purdue Research Foundation,Full,,0.0,,,01/12/2022
185753-62T,105535-18,Sands Capital,Full,,0.0,,,01/12/2022
185753-62T,53171-47,The Abell Foundation,Full,,0.0,,,01/12/2022
185753-62T,126488-62,Nanjing Kaiyuan Growth Capital,Full,,0.0,,,01/12/2022
185753-62T,121874-50,Cowen Healthcare Investments,Full,,0.0,16806-79F,Cowen Healthcare Investments III,01/12/2022
185753-62T,53512-30,Kern Capital,Full,,0.0,,,01/12/2022
185753-62T,57226-51,Rock Springs Capital,Full,,0.0,13664-53F,Rock Springs Capital Healthcare Fund,01/12/2022
185753-62T,458652-34,PFM Health Sciences,Full,,0.0,,,01/12/2022
185753-62T,436773-70,Catalio Capital Management,Full,,0.0,18315-64F,Catalio Nexus I,01/12/2022
185753-62T,51004-36,Cowin Capital,Full,,0.0,,,01/12/2022
185753-62T,166916-62,Inova Health System,Full,,0.0,15679-63F,Inova Strategic Investments,01/12/2022
185753-62T,180813-61,3B Future Health Ventures,Full,,0.0,15748-30F,3B Future Health Fund,01/12/2022
185753-62T,180511-66,Northpond Ventures,Full,,0.0,17619-58F,NPV Fund II,01/12/2022
185753-62T,52158-25,U.S. Department of Health and Human Services,Full,,0.0,,,01/12/2022
185753-62T,53324-20,Maryland Venture Fund,Full,,0.0,16142-23F,Maryland Innovation Opportunity Fund I,01/12/2022
185753-62T,267678-91,Vensana Capital,Full,,0.0,16759-54F,Vensana Capital I,01/12/2022
185753-62T,52499-80,National Institutes of Health,Full,,0.0,,,01/12/2022
185753-62T,52698-52,Windham Venture Partners,Full,,0.0,15080-14F,Windham Fund I,01/12/2022
185753-62T,12606-40,Bristol-Myers Squibb,Full,,0.0,,,01/12/2022
185753-62T,107332-30,Johns Hopkins Technology Ventures,Full,,0.0,,,01/12/2022
185753-62T,11251-81,New Enterprise Associates,Full,,0.0,15017-50F,NEA 15 Opportunity Fund,01/12/2022
185753-62T,179175-34,Co-Win Ventures,Full,,0.0,,,01/12/2022
